Codesys Binary,Program Language,Basic,Network,Building,FuncLabels
ACOSH.app,Structured Text,1,0,0,Mathematics
ACOTH.app,Structured Text,1,0,0,Mathematics
AGDF.app,Structured Text,1,0,0,Mathematics
AIN.app,Structured Text,1,0,0,Signal_Proc
AIN1.app,Structured Text,1,0,0,Signal_Proc
ALARM_2.app,Structured Text,1,0,0,Measure_Mods
AOUT.app,Structured Text,1,0,0,Signal_Proc
AOUT1.app,Structured Text,1,0,0,Signal_Proc
ARRAY_AVG.app,Structured Text,1,0,0,Array_Buffer_Mem_List
ARRAY_GAV.app,Structured Text,1,0,0,Array_Buffer_Mem_List
ARRAY_HAV.app,Structured Text,1,0,0,Array_Buffer_Mem_List
ARRAY_MAX.app,Structured Text,1,0,0,Array_Buffer_Mem_List
ARRAY_MIN.app,Structured Text,1,0,0,Array_Buffer_Mem_List
ARRAY_SDV.app,Structured Text,1,0,0,Array_Buffer_Mem_List
ARRAY_SPR.app,Structured Text,1,0,0,Array_Buffer_Mem_List
ARRAY_SUM.app,Structured Text,1,0,0,Array_Buffer_Mem_List
ARRAY_TREND.app,Structured Text,1,0,0,Array_Buffer_Mem_List
ARRAY_VAR.app,Structured Text,1,0,0,Array_Buffer_Mem_List
ASINH.app,Structured Text,1,0,0,Mathematics
ASTRO.app,Structured Text,1,0,0,Calculations
ATAN2.app,Structured Text,1,0,0,Mathematics
ATANH.app,Structured Text,1,0,0,Mathematics
A_TRIG.app,Structured Text,1,0,0,Pulse_Gen
BAND_B.app,Structured Text,1,0,0,Ctrl_Mods
BAR_GRAPH.app,Structured Text,1,0,0,Measure_Mods
BCDC_TO_INT.app,Structured Text,1,0,0,Logic_Mods
BETA.app,Structured Text,1,0,0,Mathematics
BFT_TO_MS.app,Structured Text,1,0,0,Calculations
BINOM.app,Structured Text,1,0,0,Mathematics
BIT_COUNT.app,Structured Text,1,0,0,Logic_Mods
BIT_LOAD_B.app,Structured Text,1,0,0,Logic_Mods
BIT_LOAD_B2.app,Structured Text,1,0,0,Logic_Mods
BIT_LOAD_DW.app,Structured Text,1,0,0,Logic_Mods
BIT_LOAD_DW2.app,Structured Text,1,0,0,Logic_Mods
BIT_LOAD_W.app,Structured Text,1,0,0,Logic_Mods
BIT_LOAD_W2.app,Structured Text,1,0,0,Logic_Mods
BIT_OF_DWORD.app,Structured Text,1,0,0,Logic_Mods
BIT_TOGGLE_B.app,Structured Text,1,0,0,Logic_Mods
BIT_TOGGLE_DW.app,Structured Text,1,0,0,Logic_Mods
BIT_TOGGLE_W.app,Structured Text,1,0,0,Logic_Mods
BUFFER_COMP.app,Structured Text,1,0,0,Array_Buffer_Mem_List
BYTE_OF_BIT.app,Structured Text,1,0,0,Logic_Mods
BYTE_OF_DWORD.app,Structured Text,1,0,0,Logic_Mods
BYTE_TO_BITS.app,Structured Text,1,0,0,Logic_Mods
BYTE_TO_GRAY.app,Structured Text,1,0,0,Logic_Mods
BYTE_TO_RANGE.app,Structured Text,1,0,0,Signal_Proc
BYTE_TO_STRB.app,Structured Text,1,0,0,Str_Func
BYTE_TO_STRH.app,Structured Text,1,0,0,Str_Func
B_TRIG.app,Structured Text,1,0,0,Pulse_Gen
CABS.app,Structured Text,1,0,0,Complex_Math
CACOS.app,Structured Text,1,0,0,Complex_Math
CACOSH.app,Structured Text,1,0,0,Complex_Math
CADD.app,Structured Text,1,0,0,Complex_Math
CALENDAR_CALC.app,Structured Text,1,0,0,Time_and_Date
CALIBRATE.app,Structured Text,1,0,0,Measure_Mods
CARG.app,Structured Text,1,0,0,Complex_Math
CASIN.app,Structured Text,1,0,0,Complex_Math
CASINH.app,Structured Text,1,0,0,Complex_Math
CATAN.app,Structured Text,1,0,0,Complex_Math
CATANH.app,Structured Text,1,0,0,Complex_Math
CAUCHY.app,Structured Text,1,0,0,Mathematics
CAUCHYCD.app,Structured Text,1,0,0,Mathematics
CCON.app,Structured Text,1,0,0,Complex_Math
CCOS.app,Structured Text,1,0,0,Complex_Math
CCOSH.app,Structured Text,1,0,0,Complex_Math
CDIV.app,Structured Text,1,0,0,Complex_Math
CEIL.app,Structured Text,1,0,0,Mathematics
CEIL2.app,Structured Text,1,0,0,Mathematics
CEXP.app,Structured Text,1,0,0,Complex_Math
CHARCODE.app,Structured Text,1,0,0,Str_Func
CHECK_PARITY.app,Structured Text,1,0,0,Logic_Mods
CHR_TO_STRING.app,Structured Text,1,0,0,Str_Func
CINV.app,Structured Text,1,0,0,Complex_Math
CIRCLE_A.app,Structured Text,1,0,0,Basic_Other_Func
CIRCLE_C.app,Structured Text,1,0,0,Basic_Other_Func
CIRCLE_SEG.app,Structured Text,1,0,0,Basic_Other_Func
CLEAN.app,Structured Text,1,0,0,Str_Func
CLICK_CNT.app,Structured Text,1,0,0,Pulse_Gen
CLICK_DEC.app,Structured Text,1,0,0,Pulse_Gen
CLK_DIV.app,Structured Text,1,0,0,Pulse_Gen
CLK_N.app,Structured Text,1,0,0,Pulse_Gen
CLK_PRG.app,Structured Text,1,0,0,Pulse_Gen
CLK_PULSE.app,Structured Text,1,0,0,Pulse_Gen
CLOG.app,Structured Text,1,0,0,Complex_Math
CMP.app,Structured Text,1,0,0,Mathematics
CMUL.app,Structured Text,1,0,0,Complex_Math
CONE_V.app,Structured Text,1,0,0,Basic_Other_Func
CONTROL_SET1.app,Structured Text,1,0,0,Ctrl_Mods
CONTROL_SET2.app,Structured Text,1,0,0,Ctrl_Mods
COSH.app,Structured Text,1,0,0,Mathematics
COTH.app,Structured Text,1,0,0,Mathematics
COUNT_BR.app,Structured Text,1,0,0,Latches_FlipFlop_ShiftReg
COUNT_DR.app,Structured Text,1,0,0,Latches_FlipFlop_ShiftReg
COUNT_SUBSTRING.app,Structured Text,1,0,0,Str_Func
CPOL.app,Structured Text,1,0,0,Complex_Math
CPOW.app,Structured Text,1,0,0,Complex_Math
CRC_GEN.app,Structured Text,1,0,0,Logic_Mods
CSET.app,Structured Text,1,0,0,Complex_Math
CSIN.app,Structured Text,1,0,0,Complex_Math
CSINH.app,Structured Text,1,0,0,Complex_Math
CSQRT.app,Structured Text,1,0,0,Complex_Math
CSUB.app,Structured Text,1,0,0,Complex_Math
CTAN.app,Structured Text,1,0,0,Complex_Math
CTANH.app,Structured Text,1,0,0,Complex_Math
CTRL_IN.app,Structured Text,1,0,0,Ctrl_Mods
CTRL_OUT.app,Structured Text,1,0,0,Ctrl_Mods
CTRL_PI.app,Structured Text,1,0,0,Ctrl_Mods
CTRL_PID.app,Structured Text,1,0,0,Ctrl_Mods
CTRL_PWM.app,Structured Text,1,0,0,Ctrl_Mods
CYCLE_4.app,Structured Text,1,0,0,Pulse_Gen
CYCLE_TIME.app,Structured Text,1,0,0,Measure_Mods
C_TO_F.app,Structured Text,1,0,0,Calculations
C_TO_K.app,Structured Text,1,0,0,Calculations
DATE_ADD.app,Structured Text,1,0,0,Time_and_Date
DAYS_DELTA.app,Structured Text,1,0,0,Time_and_Date
DAYS_IN_MONTH.app,Structured Text,1,0,0,Time_and_Date
DAYS_IN_YEAR.app,Structured Text,1,0,0,Time_and_Date
DAY_OF_DATE.app,Structured Text,1,0,0,Time_and_Date
DAY_OF_MONTH.app,Structured Text,1,0,0,Time_and_Date
DAY_OF_WEEK.app,Structured Text,1,0,0,Time_and_Date
DAY_OF_YEAR.app,Structured Text,1,0,0,Time_and_Date
DAY_TO_TIME.app,Structured Text,1,0,0,Time_and_Date
DCF77.app,Structured Text,1,0,0,Time_and_Date
DEAD_BAND.app,Structured Text,1,0,0,Ctrl_Mods
DEAD_BAND_A.app,Structured Text,1,0,0,Ctrl_Mods
DEAD_ZONE.app,Structured Text,1,0,0,Ctrl_Mods
DEAD_ZONE2.app,Structured Text,1,0,0,Ctrl_Mods
DEC1.app,Structured Text,1,0,0,Mathematics
DEC_2.app,Structured Text,1,0,0,Logic_Mods
DEC_4.app,Structured Text,1,0,0,Logic_Mods
DEC_8.app,Structured Text,1,0,0,Logic_Mods
DEG.app,Structured Text,1,0,0,Mathematics
DEG_TO_DIR.app,Structured Text,1,0,0,Calculations
DELAY.app,Structured Text,1,0,0,Signal_Proc
DELAY_4.app,Structured Text,1,0,0,Signal_Proc
DEL_CHARS.app,Structured Text,1,0,0,Str_Func
DIFFER.app,Structured Text,1,0,0,Mathematics
DIR_TO_DEG.app,Structured Text,1,0,0,Calculations
DRIVER_1.app,Structured Text,1,0,0,Basic_Dev_Drivers
DRIVER_4.app,Structured Text,1,0,0,Basic_Dev_Drivers
DRIVER_4C.app,Structured Text,1,0,0,Basic_Dev_Drivers
DST.app,Structured Text,1,0,0,Time_and_Date
DT2_TO_SDT.app,Structured Text,1,0,0,Time_and_Date
DT_SIMU.app,Structured Text,1,0,0,Measure_Mods
DT_TO_SDT.app,Structured Text,1,0,0,Time_and_Date
DWORD_OF_BYTE.app,Structured Text,1,0,0,Logic_Mods
DWORD_OF_WORD.app,Structured Text,1,0,0,Logic_Mods
DWORD_TO_STRB.app,Structured Text,1,0,0,Str_Func
DWORD_TO_STRF.app,Structured Text,1,0,0,Str_Func
DWORD_TO_STRH.app,Structured Text,1,0,0,Str_Func
D_TRIG.app,Structured Text,1,0,0,Pulse_Gen
D_TRUNC.app,Structured Text,1,0,0,Mathematics
EASTER.app,Structured Text,1,0,0,Time_and_Date
ELLIPSE_A.app,Structured Text,1,0,0,Basic_Other_Func
ELLIPSE_C.app,Structured Text,1,0,0,Basic_Other_Func
ENERGY.app,Structured Text,1,0,0,Calculations
ERF.app,Structured Text,1,0,0,Mathematics
ERFC.app,Structured Text,1,0,0,Mathematics
ESR_COLLECT.app,Structured Text,1,0,0,Basic_Other_Func
ESR_MON_B8.app,Structured Text,1,0,0,Basic_Other_Func
ESR_MON_X8.app,Structured Text,1,0,0,Basic_Other_Func
EVEN.app,Structured Text,1,0,0,Mathematics
EVENTS.app,Structured Text,1,0,0,Time_and_Date
EXP10.app,Structured Text,1,0,0,Mathematics
EXPN.app,Structured Text,1,0,0,Mathematics
FACT.app,Structured Text,1,0,0,Mathematics
FADE.app,Structured Text,1,0,0,Signal_Proc
FF_D2E.app,Structured Text,1,0,0,Latches_FlipFlop_ShiftReg
FF_D4E.app,Structured Text,1,0,0,Latches_FlipFlop_ShiftReg
FF_DRE.app,Structured Text,1,0,0,Latches_FlipFlop_ShiftReg
FF_JKE.app,Structured Text,1,0,0,Latches_FlipFlop_ShiftReg
FF_RSE.app,Structured Text,1,0,0,Latches_FlipFlop_ShiftReg
FIB.app,Structured Text,1,0,0,Mathematics
FIFO_16.app,Structured Text,1,0,0,Array_Buffer_Mem_List
FIFO_32.app,Structured Text,1,0,0,Array_Buffer_Mem_List
FILL.app,Structured Text,1,0,0,Str_Func
FILTER_DW.app,Structured Text,1,0,0,Signal_Proc
FILTER_I.app,Structured Text,1,0,0,Signal_Proc
FILTER_MAV_DW.app,Structured Text,1,0,0,Signal_Proc
FILTER_MAV_W.app,Structured Text,1,0,0,Signal_Proc
FILTER_W.app,Structured Text,1,0,0,Signal_Proc
FILTER_WAV.app,Structured Text,1,0,0,Signal_Proc
FINDB.app,Structured Text,1,0,0,Str_Func
FINDP.app,Structured Text,1,0,0,Str_Func
FIX.app,Structured Text,1,0,0,Str_Func
FLOOR.app,Structured Text,1,0,0,Mathematics
FLOOR2.app,Structured Text,1,0,0,Mathematics
FLOW_CONTROL.app,Structured Text,1,0,0,Basic_Dev_Drivers
FLOW_METER.app,Structured Text,1,0,0,Measure_Mods
FRACT.app,Structured Text,1,0,0,Mathematics
FRMP_B.app,Structured Text,1,0,0,Arithmetic_Func
FT_AVG.app,Structured Text,1,0,0,Arithmetic_Func
FT_DERIV.app,Structured Text,1,0,0,Ctrl_Mods
FT_IMP.app,Structured Text,1,0,0,Ctrl_Mods
FT_INT.app,Structured Text,1,0,0,Ctrl_Mods
FT_INT2.app,Structured Text,1,0,0,Ctrl_Mods
FT_MIN_MAX.app,Structured Text,1,0,0,Arithmetic_Func
FT_PD.app,Structured Text,1,0,0,Ctrl_Mods
FT_PDT1.app,Structured Text,1,0,0,Ctrl_Mods
FT_PI.app,Structured Text,1,0,0,Ctrl_Mods
FT_PID.app,Structured Text,1,0,0,Ctrl_Mods
FT_PIDW.app,Structured Text,1,0,0,Ctrl_Mods
FT_PIDWL.app,Structured Text,1,0,0,Ctrl_Mods
FT_PIW.app,Structured Text,1,0,0,Ctrl_Mods
FT_PIWL.app,Structured Text,1,0,0,Ctrl_Mods
FT_PROFILE.app,Structured Text,1,0,0,Basic_Dev_Drivers
FT_PT1.app,Structured Text,1,0,0,Ctrl_Mods
FT_PT2.app,Structured Text,1,0,0,Ctrl_Mods
FT_RMP.app,Structured Text,1,0,0,Arithmetic_Func
FT_TN16.app,Structured Text,1,0,0,Ctrl_Mods
FT_TN64.app,Structured Text,1,0,0,Ctrl_Mods
FT_TN8.app,Structured Text,1,0,0,Ctrl_Mods
F_LIN.app,Structured Text,1,0,0,Arithmetic_Func
F_LIN2.app,Structured Text,1,0,0,Arithmetic_Func
F_POLY.app,Structured Text,1,0,0,Arithmetic_Func
F_POWER.app,Structured Text,1,0,0,Arithmetic_Func
F_QUAD.app,Structured Text,1,0,0,Arithmetic_Func
F_TO_C.app,Structured Text,1,0,0,Calculations
F_TO_OM.app,Structured Text,1,0,0,Calculations
F_TO_PT.app,Structured Text,1,0,0,Calculations
GAMMA.app,Structured Text,1,0,0,Mathematics
GAUSS.app,Structured Text,1,0,0,Mathematics
GAUSSCD.app,Structured Text,1,0,0,Mathematics
GCD.app,Structured Text,1,0,0,Mathematics
GDF.app,Structured Text,1,0,0,Mathematics
GEN_BIT.app,Structured Text,1,0,0,Pulse_Gen
GEN_PULSE.app,Structured Text,1,0,0,Signal_Gen
GEN_PW2.app,Structured Text,1,0,0,Signal_Gen
GEN_RDM.app,Structured Text,1,0,0,Signal_Gen
GEN_RDT.app,Structured Text,1,0,0,Signal_Gen
GEN_RMP.app,Structured Text,1,0,0,Signal_Gen
GEN_SIN.app,Structured Text,1,0,0,Signal_Gen
GEN_SQ.app,Structured Text,1,0,0,Pulse_Gen
GEN_SQR.app,Structured Text,1,0,0,Signal_Gen
GEO_TO_DEG.app,Structured Text,1,0,0,Calculations
GOLD.app,Structured Text,1,0,0,Mathematics
GRAY_TO_BYTE.app,Structured Text,1,0,0,Logic_Mods
HOLIDAY_DATA.app,Structured Text,1,0,0,Time_and_Date
HOUR.app,Structured Text,1,0,0,Time_and_Date
HOUR_OF_DT.app,Structured Text,1,0,0,Time_and_Date
HOUR_TO_TIME.app,Structured Text,1,0,0,Time_and_Date
HOUR_TO_TOD.app,Structured Text,1,0,0,Time_and_Date
HYPOT.app,Structured Text,1,0,0,Mathematics
HYST.app,Structured Text,1,0,0,Ctrl_Mods
HYST_1.app,Structured Text,1,0,0,Ctrl_Mods
HYST_2.app,Structured Text,1,0,0,Ctrl_Mods
HYST_3.app,Structured Text,1,0,0,Ctrl_Mods
INC.app,Structured Text,1,0,0,Mathematics
INC1.app,Structured Text,1,0,0,Mathematics
INC2.app,Structured Text,1,0,0,Mathematics
INTEGRATE.app,Structured Text,1,0,0,Ctrl_Mods
INTERLOCK.app,Structured Text,1,0,0,Basic_Dev_Drivers
INTERLOCK_4.app,Structured Text,1,0,0,Basic_Dev_Drivers
INT_TO_BCDC.app,Structured Text,1,0,0,Logic_Mods
INV.app,Structured Text,1,0,0,Mathematics
ISC_ALPHA.app,Structured Text,1,0,0,Str_Func
ISC_CTRL.app,Structured Text,1,0,0,Str_Func
ISC_HEX.app,Structured Text,1,0,0,Str_Func
ISC_LOWER.app,Structured Text,1,0,0,Str_Func
ISC_NUM.app,Structured Text,1,0,0,Str_Func
ISC_UPPER.app,Structured Text,1,0,0,Str_Func
IS_CC.app,Structured Text,1,0,0,Str_Func
IS_NCC.app,Structured Text,1,0,0,Str_Func
IS_SORTED.app,Structured Text,1,0,0,Array_Buffer_Mem_List
JD2000.app,Structured Text,1,0,0,Time_and_Date
KMH_TO_MS.app,Structured Text,1,0,0,Calculations
K_TO_C.app,Structured Text,1,0,0,Calculations
LAMBERT_W.app,Structured Text,1,0,0,Mathematics
LANGEVIN.app,Structured Text,1,0,0,Mathematics
LEAP_DAY.app,Structured Text,1,0,0,Time_and_Date
LEAP_OF_DATE.app,Structured Text,1,0,0,Time_and_Date
LEAP_YEAR.app,Structured Text,1,0,0,Time_and_Date
LENGTH.app,Structured Text,1,0,0,Measure_Mods
LINEAR_INT.app,Structured Text,1,0,0,Arithmetic_Func
LIST_ADD.app,Structured Text,1,0,0,Array_Buffer_Mem_List
LTCH.app,Structured Text,1,0,0,Latches_FlipFlop_ShiftReg
LTCH_4.app,Structured Text,1,0,0,Latches_FlipFlop_ShiftReg
LTIME_TO_UTC.app,Structured Text,1,0,0,Time_and_Date
MANUAL.app,Structured Text,1,0,0,Basic_Dev_Drivers
MANUAL_1.app,Structured Text,1,0,0,Basic_Dev_Drivers
MANUAL_2.app,Structured Text,1,0,0,Basic_Dev_Drivers
MANUAL_4.app,Structured Text,1,0,0,Basic_Dev_Drivers
MATRIX.app,Structured Text,1,0,0,Logic_Mods
MAX3.app,Structured Text,1,0,0,Mathematics
MESSAGE_4R.app,Structured Text,1,0,0,Str_Func
MESSAGE_8.app,Structured Text,1,0,0,Str_Func
METER.app,Structured Text,1,0,0,Measure_Mods
METER_STAT.app,Structured Text,1,0,0,Measure_Mods
MID3.app,Structured Text,1,0,0,Mathematics
MIN3.app,Structured Text,1,0,0,Mathematics
MINUTE_OF_DT.app,Structured Text,1,0,0,Time_and_Date
MINUTE_TO_TIME.app,Structured Text,1,0,0,Time_and_Date
MIRROR.app,Structured Text,1,0,0,Str_Func
MIX.app,Structured Text,1,0,0,Signal_Proc
MODR.app,Structured Text,1,0,0,Mathematics
MONTH_BEGIN.app,Structured Text,1,0,0,Time_and_Date
MONTH_END.app,Structured Text,1,0,0,Time_and_Date
MONTH_OF_DATE.app,Structured Text,1,0,0,Time_and_Date
MONTH_TO_STRING.app,Structured Text,1,0,0,Str_Func
MS_TO_BFT.app,Structured Text,1,0,0,Calculations
MS_TO_KMH.app,Structured Text,1,0,0,Calculations
MULTIME.app,Structured Text,1,0,0,Time_and_Date
MULTI_IN.app,Structured Text,1,0,0,Sensors
MUL_ADD.app,Structured Text,1,0,0,Mathematics
MUX_2.app,Structured Text,1,0,0,Logic_Mods
MUX_4.app,Structured Text,1,0,0,Logic_Mods
MUX_R2.app,Structured Text,1,0,0,Signal_Proc
MUX_R4.app,Structured Text,1,0,0,Signal_Proc
M_D.app,Structured Text,1,0,0,Measure_Mods
M_T.app,Structured Text,1,0,0,Measure_Mods
M_TX.app,Structured Text,1,0,0,Measure_Mods
NEGX.app,Structured Text,1,0,0,Mathematics
OFFSET.app,Structured Text,1,0,0,Signal_Proc
OFFSET2.app,Structured Text,1,0,0,Signal_Proc
OM_TO_F.app,Structured Text,1,0,0,Calculations
ONTIME.app,Structured Text,1,0,0,Measure_Mods
OSCAT_VERSION.app,Structured Text,1,0,0,Basic_Other_Func
PARITY.app,Structured Text,1,0,0,Logic_Mods
PARSET.app,Structured Text,1,0,0,Basic_Dev_Drivers
PARSET2.app,Structured Text,1,0,0,Basic_Dev_Drivers
PERIOD.app,Structured Text,1,0,0,Time_and_Date
PERIOD2.app,Structured Text,1,0,0,Time_and_Date
POLYNOM_INT.app,Structured Text,1,0,0,Arithmetic_Func
PRESSURE.app,Structured Text,1,0,0,Calculations
PT_TO_F.app,Structured Text,1,0,0,Calculations
PWM_DC.app,Structured Text,1,0,0,Signal_Gen
PWM_PW.app,Structured Text,1,0,0,Signal_Gen
R2_ABS.app,Structured Text,1,0,0,Basic_Other_Func
R2_ADD.app,Structured Text,1,0,0,Basic_Other_Func
R2_ADD2.app,Structured Text,1,0,0,Basic_Other_Func
R2_MUL.app,Structured Text,1,0,0,Basic_Other_Func
R2_SET.app,Structured Text,1,0,0,Basic_Other_Func
RAD.app,Structured Text,1,0,0,Mathematics
RANGE_TO_BYTE.app,Structured Text,1,0,0,Signal_Proc
RANGE_TO_WORD.app,Structured Text,1,0,0,Signal_Proc
RDM.app,Structured Text,1,0,0,Mathematics
RDM2.app,Structured Text,1,0,0,Mathematics
RDMDW.app,Structured Text,1,0,0,Mathematics
REAL_TO_FRAC.app,Structured Text,1,0,0,Mathematics
REAL_TO_STRF.app,Structured Text,1,0,0,Str_Func
REFLECT.app,Structured Text,1,0,0,Logic_Mods
REFRACTION.app,Structured Text,1,0,0,Time_and_Date
REPLACE_ALL.app,Structured Text,1,0,0,Str_Func
REPLACE_CHARS.app,Structured Text,1,0,0,Str_Func
RES_NI.app,Structured Text,1,0,0,Sensors
RES_NTC.app,Structured Text,1,0,0,Sensors
RES_PT.app,Structured Text,1,0,0,Sensors
RES_SI.app,Structured Text,1,0,0,Sensors
REVERSE.app,Structured Text,1,0,0,Logic_Mods
RMP_B.app,Structured Text,1,0,0,Signal_Gen
RMP_SOFT.app,Structured Text,1,0,0,Signal_Gen
RMP_W.app,Structured Text,1,0,0,Signal_Gen
RND.app,Structured Text,1,0,0,Mathematics
ROUND.app,Structured Text,1,0,0,Mathematics
RTC_2.app,Structured Text,1,0,0,Time_and_Date
RTC_MS.app,Structured Text,1,0,0,Time_and_Date
SCALE.app,Structured Text,1,0,0,Signal_Proc
SCALE_B.app,Structured Text,1,0,0,Signal_Proc
SCALE_B2.app,Structured Text,1,0,0,Signal_Proc
SCALE_B4.app,Structured Text,1,0,0,Signal_Proc
SCALE_B8.app,Structured Text,1,0,0,Signal_Proc
SCALE_D.app,Structured Text,1,0,0,Signal_Proc
SCALE_R.app,Structured Text,1,0,0,Signal_Proc
SCALE_X2.app,Structured Text,1,0,0,Signal_Proc
SCALE_X4.app,Structured Text,1,0,0,Signal_Proc
SCALE_X8.app,Structured Text,1,0,0,Signal_Proc
SCHEDULER.app,Structured Text,1,0,0,Pulse_Gen
SCHEDULER_2.app,Structured Text,1,0,0,Pulse_Gen
SDT_TO_DATE.app,Structured Text,1,0,0,Time_and_Date
SDT_TO_DT.app,Structured Text,1,0,0,Time_and_Date
SDT_TO_TOD.app,Structured Text,1,0,0,Time_and_Date
SECOND.app,Structured Text,1,0,0,Time_and_Date
SECOND_OF_DT.app,Structured Text,1,0,0,Time_and_Date
SECOND_TO_TIME.app,Structured Text,1,0,0,Time_and_Date
SEL2_OF_3.app,Structured Text,1,0,0,Signal_Proc
SEL2_OF_3B.app,Structured Text,1,0,0,Signal_Proc
SELECT_8.app,Structured Text,1,0,0,Latches_FlipFlop_ShiftReg
SENSOR_INT.app,Structured Text,1,0,0,Sensors
SEQUENCE_4.app,Structured Text,1,0,0,Pulse_Gen
SEQUENCE_64.app,Structured Text,1,0,0,Pulse_Gen
SEQUENCE_8.app,Structured Text,1,0,0,Pulse_Gen
SET_DATE.app,Structured Text,1,0,0,Time_and_Date
SET_DT.app,Structured Text,1,0,0,Time_and_Date
SET_TOD.app,Structured Text,1,0,0,Time_and_Date
SGN.app,Structured Text,1,0,0,Mathematics
SH.app,Structured Text,1,0,0,Signal_Proc
SHL1.app,Structured Text,1,0,0,Logic_Mods
SHR1.app,Structured Text,1,0,0,Logic_Mods
SHR_4E.app,Structured Text,1,0,0,Latches_FlipFlop_ShiftReg
SHR_4UDE.app,Structured Text,1,0,0,Latches_FlipFlop_ShiftReg
SHR_8PLE.app,Structured Text,1,0,0,Latches_FlipFlop_ShiftReg
SHR_8UDE.app,Structured Text,1,0,0,Latches_FlipFlop_ShiftReg
SH_1.app,Structured Text,1,0,0,Signal_Proc
SH_2.app,Structured Text,1,0,0,Signal_Proc
SH_T.app,Structured Text,1,0,0,Signal_Proc
SIGMOID.app,Structured Text,1,0,0,Mathematics
SIGNAL.app,Structured Text,1,0,0,Basic_Dev_Drivers
SIGNAL_4.app,Structured Text,1,0,0,Basic_Dev_Drivers
SIGN_I.app,Structured Text,1,0,0,Mathematics
SIGN_R.app,Structured Text,1,0,0,Mathematics
SINC.app,Structured Text,1,0,0,Mathematics
SINH.app,Structured Text,1,0,0,Mathematics
SPEED.app,Structured Text,1,0,0,Calculations
SPHERE_V.app,Structured Text,1,0,0,Basic_Other_Func
SQRTN.app,Structured Text,1,0,0,Mathematics
SRAMP.app,Structured Text,1,0,0,Basic_Dev_Drivers
STACK_16.app,Structured Text,1,0,0,Array_Buffer_Mem_List
STACK_32.app,Structured Text,1,0,0,Array_Buffer_Mem_List
STAIR.app,Structured Text,1,0,0,Signal_Proc
STAIR2.app,Structured Text,1,0,0,Signal_Proc
STATUS_TO_ESR.app,Structured Text,1,0,0,Basic_Other_Func
STORE_8.app,Structured Text,1,0,0,Latches_FlipFlop_ShiftReg
SUN_MIDDAY.app,Structured Text,1,0,0,Time_and_Date
SUN_POS.app,Structured Text,1,0,0,Time_and_Date
SUN_TIME.app,Structured Text,1,0,0,Time_and_Date
SWAP_BYTE.app,Structured Text,1,0,0,Logic_Mods
SWAP_BYTE2.app,Structured Text,1,0,0,Logic_Mods
TANC.app,Structured Text,1,0,0,Mathematics
TANH.app,Structured Text,1,0,0,Mathematics
TC_MS.app,Structured Text,1,0,0,Measure_Mods
TC_S.app,Structured Text,1,0,0,Measure_Mods
TC_US.app,Structured Text,1,0,0,Measure_Mods
TEMPERATURE.app,Structured Text,1,0,0,Calculations
TEMP_NI.app,Structured Text,1,0,0,Sensors
TEMP_NTC.app,Structured Text,1,0,0,Sensors
TEMP_PT.app,Structured Text,1,0,0,Sensors
TEMP_SI.app,Structured Text,1,0,0,Sensors
TICKER.app,Structured Text,1,0,0,Str_Func
TIMECHECK.app,Structured Text,1,0,0,Time_and_Date
TMAX.app,Structured Text,1,0,0,Pulse_Gen
TMIN.app,Structured Text,1,0,0,Pulse_Gen
TOF_1.app,Structured Text,1,0,0,Pulse_Gen
TOGGLE.app,Structured Text,1,0,0,Latches_FlipFlop_ShiftReg
TONOF.app,Structured Text,1,0,0,Pulse_Gen
TO_LOWER.app,Structured Text,1,0,0,Str_Func
TO_UPPER.app,Structured Text,1,0,0,Str_Func
TP_1D.app,Structured Text,1,0,0,Pulse_Gen
TP_X.app,Structured Text,1,0,0,Pulse_Gen
TREND.app,Structured Text,1,0,0,Signal_Proc
TREND_DW.app,Structured Text,1,0,0,Signal_Proc
TRIANGLE_A.app,Structured Text,1,0,0,Basic_Other_Func
TRIM.app,Structured Text,1,0,0,Str_Func
TRIM1.app,Structured Text,1,0,0,Str_Func
TUNE.app,Structured Text,1,0,0,Basic_Dev_Drivers
TUNE2.app,Structured Text,1,0,0,Basic_Dev_Drivers
T_PLC_MS.app,Structured Text,1,0,0,Measure_Mods
T_PLC_US.app,Structured Text,1,0,0,Measure_Mods
UTC_TO_LTIME.app,Structured Text,1,0,0,Time_and_Date
V3_ABS.app,Structured Text,1,0,0,Vector_Math
V3_ADD.app,Structured Text,1,0,0,Vector_Math
V3_ANG.app,Structured Text,1,0,0,Vector_Math
V3_DPRO.app,Structured Text,1,0,0,Vector_Math
V3_NORM.app,Structured Text,1,0,0,Vector_Math
V3_NUL.app,Structured Text,1,0,0,Vector_Math
V3_PAR.app,Structured Text,1,0,0,Vector_Math
V3_REV.app,Structured Text,1,0,0,Vector_Math
V3_SMUL.app,Structured Text,1,0,0,Vector_Math
V3_SUB.app,Structured Text,1,0,0,Vector_Math
V3_XANG.app,Structured Text,1,0,0,Vector_Math
V3_XPRO.app,Structured Text,1,0,0,Vector_Math
V3_YANG.app,Structured Text,1,0,0,Vector_Math
V3_ZANG.app,Structured Text,1,0,0,Vector_Math
WEEKDAY_TO_STRING.app,Structured Text,1,0,0,Str_Func
WINDOW.app,Structured Text,1,0,0,Mathematics
WINDOW2.app,Structured Text,1,0,0,Mathematics
WORD_OF_BYTE.app,Structured Text,1,0,0,Logic_Mods
WORD_OF_DWORD.app,Structured Text,1,0,0,Logic_Mods
WORD_TO_RANGE.app,Structured Text,1,0,0,Signal_Proc
WORK_WEEK.app,Structured Text,1,0,0,Time_and_Date
YEAR_BEGIN.app,Structured Text,1,0,0,Time_and_Date
YEAR_END.app,Structured Text,1,0,0,Time_and_Date
YEAR_OF_DATE.app,Structured Text,1,0,0,Time_and_Date
_ARRAY_ABS.app,Structured Text,1,0,0,Array_Buffer_Mem_List
_ARRAY_ADD.app,Structured Text,1,0,0,Array_Buffer_Mem_List
_ARRAY_INIT.app,Structured Text,1,0,0,Array_Buffer_Mem_List
_ARRAY_MUL.app,Structured Text,1,0,0,Array_Buffer_Mem_List
_ARRAY_SHUFFLE.app,Structured Text,1,0,0,Array_Buffer_Mem_List
_ARRAY_SORT.app,Structured Text,1,0,0,Array_Buffer_Mem_List
_RMP_B.app,Structured Text,1,0,0,Signal_Gen
_RMP_NEXT.app,Structured Text,1,0,0,Signal_Gen
_RMP_W.app,Structured Text,1,0,0,Signal_Gen
BIN_TO_BYTE.app,Structured Text,1,0,0,Logic_Mods
BIN_TO_DWORD.app,Structured Text,1,0,0,Logic_Mods
BUFFER_SEARCH.app,Structured Text,1,0,0,Array_Buffer_Mem_List
BUFFER_TO_STRING.app,Structured Text,1,0,0,Array_Buffer_Mem_List
CALENDAR.app,Structured Text,1,0,0,Time_and_Date
CAPITALIZE.app,Structured Text,1,0,0,Str_Func
CHARNAME.app,Structured Text,1,0,0,Str_Func
CHK_REAL.app,Structured Text,1,0,0,Logic_Mods
CODE.app,Structured Text,1,0,0,Str_Func
COMPLEX.app,Structured Text,1,0,0,NA
CONSTANTS_LANGUAGE.app,Structured Text,1,0,0,Str_Func
CONSTANTS_LOCATION.app,Structured Text,1,0,0,Str_Func
CONSTANTS_MATH.app,Structured Text,1,0,0,Str_Func
CONSTANTS_PHYS.app,Structured Text,1,0,0,Str_Func
CONSTANTS_SETUP.app,Structured Text,1,0,0,Str_Func
COUNT_CHAR.app,Structured Text,1,0,0,Str_Func
DEC_TO_BYTE.app,Structured Text,1,0,0,Logic_Mods
DEC_TO_DWORD.app,Structured Text,1,0,0,Logic_Mods
DEC_TO_INT.app,Structured Text,1,0,0,Logic_Mods
DW_TO_REAL.app,Structured Text,1,0,0,Logic_Mods
ESR_DATA.app,Structured Text,1,0,0,Logic_Mods
ESR_MON_R4.app,Structured Text,1,0,0,Logic_Mods
EXEC.app,Structured Text,1,0,0,Logic_Mods
FINDB_NONUM.app,Structured Text,1,0,0,Str_Func
FINDB_NUM.app,Structured Text,1,0,0,Str_Func
FIND_CHAR.app,Structured Text,1,0,0,Str_Func
FIND_CTRL.app,Structured Text,1,0,0,Str_Func
FIND_NONUM.app,Structured Text,1,0,0,Str_Func
FIND_NUM.app,Structured Text,1,0,0,Str_Func
FLOAT_TO_REAL.app,Structured Text,1,0,0,Logic_Mods
FRACTION.app,Structured Text,1,0,0,Mathematics
FSTRING_TO_BYTE.app,Structured Text,1,0,0,Logic_Mods
FSTRING_TO_DT.app,Structured Text,1,0,0,Logic_Mods
FSTRING_TO_DWORD.app,Structured Text,1,0,0,Logic_Mods
FSTRING_TO_MONTH.app,Structured Text,1,0,0,Time_and_Date
FSTRING_TO_WEEK.app,Structured Text,1,0,0,Time_and_Date
FSTRING_TO_WEEKDAY.app,Structured Text,1,0,0,Time_and_Date
IS_ALNUM.app,Structured Text,1,0,0,Logic_Mods
IS_ALPHA.app,Structured Text,1,0,0,Logic_Mods
IS_CTRL.app,Structured Text,1,0,0,Logic_Mods
IS_HEX.app,Structured Text,1,0,0,Logic_Mods
IS_LOWER.app,Structured Text,1,0,0,Logic_Mods
IS_NUM.app,Structured Text,1,0,0,Logic_Mods
IS_UPPER.app,Structured Text,1,0,0,Str_Func
LIST_CLEAN.app,Structured Text,1,0,0,Array_Buffer_Mem_List
LIST_GET.app,Structured Text,1,0,0,Array_Buffer_Mem_List
LIST_INSERT.app,Structured Text,1,0,0,Array_Buffer_Mem_List
LIST_LEN.app,Structured Text,1,0,0,Array_Buffer_Mem_List
LIST_NEXT.app,Structured Text,1,0,0,Array_Buffer_Mem_List
LIST_RETRIEVE.app,Structured Text,1,0,0,Array_Buffer_Mem_List
LIST_RETRIEVE_LAST.app,Structured Text,1,0,0,Array_Buffer_Mem_List
LOWERCASE.app,Structured Text,1,0,0,Str_Func
OCT_TO_BYTE.app,Structured Text,1,0,0,Logic_Mods
OCT_TO_DWORD.app,Structured Text,1,0,0,Logic_Mods
OVERRIDE.app,Structured Text,1,0,0,Logic_Mods
PIN_CODE.app,Structured Text,1,0,0,Logic_Mods
REAL2.app,Structured Text,1,0,0,Logic_Mods
REAL_TO_DW.app,Structured Text,1,0,0,Logic_Mods
REPLACE_UML.app,Structured Text,1,0,0,Logic_Mods
SDT.app,Structured Text,1,0,0,Logic_Mods
TIMER_EVENT.app,Structured Text,1,0,0,Time_and_Date
TRIME.app,Structured Text,1,0,0,Logic_Mods
UPPERCASE.app,Structured Text,1,0,0,Str_Func
VECTOR_3.app,Structured Text,1,0,0,Vector_Math
_ARRAY_MEDIAN.app,Structured Text,1,0,0,Array_Buffer_Mem_List
_BUFFER_CLEAR.app,Structured Text,1,0,0,Array_Buffer_Mem_List
_BUFFER_INIT.app,Structured Text,1,0,0,Array_Buffer_Mem_List
_BUFFER_INSERT.app,Structured Text,1,0,0,Array_Buffer_Mem_List
_BUFFER_UPPERCASE.app,Structured Text,1,0,0,Array_Buffer_Mem_List
_STRING_TO_BUFFER.app,Structured Text,1,0,0,Str_Func
HEX_TO_BYTE.app,Structured Text,1,0,0,Logic_Mods
HEX_TO_DWORD.app,Structured Text,1,0,0,Logic_Mods
HOLIDAY.app,Structured Text,1,0,0,Logic_Mods
DT_TO_STRF.app,Structured Text,1,0,0,Time_and_Date
