GEB Binaries,Program Language,Basic,Network,Building,FuncLabels
ACOSH.bin,Structured Text,1,0,0,Mathematics
ACOTH.bin,Structured Text,1,0,0,Mathematics
ACTUATOR_3P.bin,Structured Text,0,0,1,Actuators_HAVC
ACTUATOR_COIL.bin,Structured Text,0,0,1,Actuators_HAVC
ACTUATOR_PUMP.bin,Structured Text,0,0,1,Actuators_HAVC
ACTUATOR_UD.bin,Structured Text,0,0,1,Actuators_HAVC
AGDF.bin,Structured Text,1,0,0,Mathematics
AIN.bin,Structured Text,1,0,0,Signal_Proc
AIN1.bin,Structured Text,1,0,0,Signal_Proc
AIR_DENSITY.bin,Structured Text,0,0,1,Actuators_HAVC
AIR_ENTHALPY.bin,Structured Text,0,0,1,Actuators_HAVC
ALARM_2.bin,Structured Text,1,0,0,Measure_Mods
AOUT.bin,Structured Text,1,0,0,Signal_Proc
AOUT1.bin,Structured Text,1,0,0,Signal_Proc
ARRAY_AVG.bin,Structured Text,1,0,0,Array_Buffer_Mem_List
ARRAY_GAV.bin,Structured Text,1,0,0,Array_Buffer_Mem_List
ARRAY_HAV.bin,Structured Text,1,0,0,Array_Buffer_Mem_List
ARRAY_MAX.bin,Structured Text,1,0,0,Array_Buffer_Mem_List
ARRAY_MEDIAN.bin,Structured Text,1,0,0,Array_Buffer_Mem_List
ARRAY_MIN.bin,Structured Text,1,0,0,Array_Buffer_Mem_List
ARRAY_SDV.bin,Structured Text,1,0,0,Array_Buffer_Mem_List
ARRAY_SPR.bin,Structured Text,1,0,0,Array_Buffer_Mem_List
ARRAY_SUM.bin,Structured Text,1,0,0,Array_Buffer_Mem_List
ARRAY_TREND.bin,Structured Text,1,0,0,Array_Buffer_Mem_List
ARRAY_VAR.bin,Structured Text,1,0,0,Array_Buffer_Mem_List
ASINH.bin,Structured Text,1,0,0,Mathematics
ASTRO.bin,Structured Text,1,0,0,Calculations
ATAN2.bin,Structured Text,1,0,0,Mathematics
ATANH.bin,Structured Text,1,0,0,Mathematics
A_TRIG.bin,Structured Text,1,0,0,Pulse_Gen
BAND_B.bin,Structured Text,1,0,0,Ctrl_Mods
BAR_GRAPH.bin,Structured Text,1,0,0,Measure_Mods
BASE64_DECODE_STREAM.bin,Structured Text,0,1,0,Network_2
BCDC_TO_INT.bin,Structured Text,1,0,0,Logic_Mods
BETA.bin,Structured Text,1,0,0,Mathematics
BFT_TO_MS.bin,Structured Text,1,0,0,Calculations
BINOM.bin,Structured Text,1,0,0,Mathematics
BIT_COUNT.bin,Structured Text,1,0,0,Logic_Mods
BIT_LOAD_B.bin,Structured Text,1,0,0,Logic_Mods
BIT_LOAD_B2.bin,Structured Text,1,0,0,Logic_Mods
BIT_LOAD_DW.bin,Structured Text,1,0,0,Logic_Mods
BIT_LOAD_DW2.bin,Structured Text,1,0,0,Logic_Mods
BIT_LOAD_W.bin,Structured Text,1,0,0,Logic_Mods
BIT_LOAD_W2.bin,Structured Text,1,0,0,Logic_Mods
BIT_OF_DWORD.bin,Structured Text,1,0,0,Logic_Mods
BIT_TOGGLE_B.bin,Structured Text,1,0,0,Logic_Mods
BIT_TOGGLE_DW.bin,Structured Text,1,0,0,Logic_Mods
BIT_TOGGLE_W.bin,Structured Text,1,0,0,Logic_Mods
BLIND_ACTUATOR.bin,Structured Text,0,0,1,Building_Other_Func
BLIND_CONTROL.bin,Structured Text,0,0,1,Building_Other_Func
BLIND_CONTROL_S.bin,Structured Text,0,0,1,Building_Other_Func
BLIND_NIGHT.bin,Structured Text,0,0,1,Building_Other_Func
BLIND_SCENE.bin,Structured Text,0,0,1,Building_Other_Func
BLIND_SECURITY.bin,Structured Text,0,0,1,Building_Other_Func
BLIND_SET.bin,Structured Text,0,0,1,Building_Other_Func
BLIND_SHADE_S.bin,Structured Text,0,0,1,Building_Other_Func
BOILER.bin,Structured Text,0,0,1,Actuators_HAVC
BUFFER_COMP.bin,Structured Text,1,0,0,Array_Buffer_Mem_List
BUFFER_COMP_NW.bin,Structured Text,0,1,0,Array_Buffer_Mem_List
BUILDING_VERSION.bin,Structured Text,0,0,1,Building_Other_Func
BURNER.bin,Structured Text,0,0,1,Actuators_HAVC
BYTE_OF_BIT.bin,Structured Text,1,0,0,Logic_Mods
BYTE_OF_DWORD.bin,Structured Text,1,0,0,Logic_Mods
BYTE_TO_BITS.bin,Structured Text,1,0,0,Logic_Mods
BYTE_TO_GRAY.bin,Structured Text,1,0,0,Logic_Mods
BYTE_TO_RANGE.bin,Structured Text,1,0,0,Signal_Proc
BYTE_TO_STRB.bin,Structured Text,1,0,0,Str_Func
BYTE_TO_STRH.bin,Structured Text,1,0,0,Str_Func
BYTE_TO_TIME.bin,Structured Text,1,0,0,Logic_Mods
B_TRIG.bin,Structured Text,1,0,0,Pulse_Gen
CABS.bin,Structured Text,1,0,0,Complex_Math
CACOS.bin,Structured Text,1,0,0,Complex_Math
CACOSH.bin,Structured Text,1,0,0,Complex_Math
CADD.bin,Structured Text,1,0,0,Complex_Math
CALENDAR_CALC.bin,Structured Text,1,0,0,Time_and_Date
CALIBRATE.bin,Structured Text,1,0,0,Measure_Mods
CARG.bin,Structured Text,1,0,0,Complex_Math
CASIN.bin,Structured Text,1,0,0,Complex_Math
CASINH.bin,Structured Text,1,0,0,Complex_Math
CATAN.bin,Structured Text,1,0,0,Complex_Math
CATANH.bin,Structured Text,1,0,0,Complex_Math
CAUCHY.bin,Structured Text,1,0,0,Mathematics
CAUCHYCD.bin,Structured Text,1,0,0,Mathematics
CCON.bin,Structured Text,1,0,0,Complex_Math
CCOS.bin,Structured Text,1,0,0,Complex_Math
CCOSH.bin,Structured Text,1,0,0,Complex_Math
CDIV.bin,Structured Text,1,0,0,Complex_Math
CEIL.bin,Structured Text,1,0,0,Mathematics
CEIL2.bin,Structured Text,1,0,0,Mathematics
CEXP.bin,Structured Text,1,0,0,Complex_Math
CHARNAME.bin,Structured Text,1,0,0,Str_Func
CHECK_PARITY.bin,Structured Text,1,0,0,Logic_Mods
CHR_TO_STRING.bin,Structured Text,1,0,0,Str_Func
CINV.bin,Structured Text,1,0,0,Complex_Math
CIRCLE_A.bin,Structured Text,1,0,0,Basic_Other_Func
CIRCLE_C.bin,Structured Text,1,0,0,Basic_Other_Func
CIRCLE_SEG.bin,Structured Text,1,0,0,Basic_Other_Func
CLEAN.bin,Structured Text,1,0,0,Str_Func
CLICK_CNT.bin,Structured Text,1,0,0,Pulse_Gen
CLICK_DEC.bin,Structured Text,1,0,0,Pulse_Gen
CLK_DIV.bin,Structured Text,1,0,0,Pulse_Gen
CLK_N.bin,Structured Text,1,0,0,Pulse_Gen
CLK_PRG.bin,Structured Text,1,0,0,Pulse_Gen
CLK_PULSE.bin,Structured Text,1,0,0,Pulse_Gen
CLOG.bin,Structured Text,1,0,0,Complex_Math
CMP.bin,Structured Text,1,0,0,Mathematics
CMUL.bin,Structured Text,1,0,0,Complex_Math
CONE_V.bin,Structured Text,1,0,0,Basic_Other_Func
CONTROL_SET1.bin,Structured Text,1,0,0,Ctrl_Mods
CONTROL_SET2.bin,Structured Text,1,0,0,Ctrl_Mods
COSH.bin,Structured Text,1,0,0,Mathematics
COTH.bin,Structured Text,1,0,0,Mathematics
COUNT_BR.bin,Structured Text,1,0,0,Latches_FlipFlop_ShiftReg
COUNT_DR.bin,Structured Text,1,0,0,Latches_FlipFlop_ShiftReg
COUNT_SUBSTRING.bin,Structured Text,1,0,0,Str_Func
CPOL.bin,Structured Text,1,0,0,Complex_Math
CPOW.bin,Structured Text,1,0,0,Complex_Math
CRC_GEN.bin,Structured Text,1,0,0,Logic_Mods
CSET.bin,Structured Text,1,0,0,Complex_Math
CSIN.bin,Structured Text,1,0,0,Complex_Math
CSINH.bin,Structured Text,1,0,0,Complex_Math
CSQRT.bin,Structured Text,1,0,0,Complex_Math
CSUB.bin,Structured Text,1,0,0,Complex_Math
CTAN.bin,Structured Text,1,0,0,Complex_Math
CTANH.bin,Structured Text,1,0,0,Complex_Math
CTRL_IN.bin,Structured Text,1,0,0,Ctrl_Mods
CTRL_OUT.bin,Structured Text,1,0,0,Ctrl_Mods
CTRL_PI.bin,Structured Text,1,0,0,Ctrl_Mods
CTRL_PID.bin,Structured Text,1,0,0,Ctrl_Mods
CTRL_PWM.bin,Structured Text,1,0,0,Ctrl_Mods
CYCLE_4.bin,Structured Text,1,0,0,Pulse_Gen
CYCLE_TIME.bin,Structured Text,1,0,0,Measure_Mods
C_TO_F.bin,Structured Text,1,0,0,Calculations
C_TO_K.bin,Structured Text,1,0,0,Calculations
DATE_ADD.bin,Structured Text,1,0,0,Time_and_Date
DATE_TO_DT.bin,Structured Text,1,0,0,Time_and_Date
DATE_TO_DWORD.bin,Structured Text,1,0,0,Time_and_Date
DATE_TO_REAL.bin,Structured Text,1,0,0,Time_and_Date
DATE_TO_STRING.bin,Structured Text,1,0,0,Str_Func
DATE_TO_UDINT.bin,Structured Text,1,0,0,Time_and_Date
DAYS_DELTA.bin,Structured Text,1,0,0,Time_and_Date
DAYS_IN_MONTH.bin,Structured Text,1,0,0,Time_and_Date
DAYS_IN_YEAR.bin,Structured Text,1,0,0,Time_and_Date
DAY_OF_DATE.bin,Structured Text,1,0,0,Time_and_Date
DAY_OF_MONTH.bin,Structured Text,1,0,0,Time_and_Date
DAY_OF_WEEK.bin,Structured Text,1,0,0,Time_and_Date
DAY_OF_YEAR.bin,Structured Text,1,0,0,Time_and_Date
DAY_TO_TIME.bin,Structured Text,1,0,0,Time_and_Date
DCF77.bin,Structured Text,1,0,0,Time_and_Date
DEAD_BAND.bin,Structured Text,1,0,0,Ctrl_Mods
DEAD_BAND_A.bin,Structured Text,1,0,0,Ctrl_Mods
DEAD_ZONE.bin,Structured Text,1,0,0,Ctrl_Mods
DEAD_ZONE2.bin,Structured Text,1,0,0,Ctrl_Mods
DEBOUNCE.bin,Structured Text,0,0,1,Building_Other_Func
DEC1.bin,Structured Text,1,0,0,Mathematics
DEC_2.bin,Structured Text,1,0,0,Logic_Mods
DEC_4.bin,Structured Text,1,0,0,Logic_Mods
DEC_8.bin,Structured Text,1,0,0,Logic_Mods
DEG.bin,Structured Text,1,0,0,Mathematics
DEG_TO_DIR.bin,Structured Text,1,0,0,Calculations
DELAY.bin,Structured Text,1,0,0,Signal_Proc
DELAY_4.bin,Structured Text,1,0,0,Signal_Proc
DEL_CHARS.bin,Structured Text,1,0,0,Str_Func
DEW_CON.bin,Structured Text,0,0,1,Actuators_HAVC
DEW_RH.bin,Structured Text,0,0,1,Actuators_HAVC
DEW_TEMP.bin,Structured Text,0,0,1,Actuators_HAVC
DIFFER.bin,Structured Text,1,0,0,Mathematics
DIR_TO_DEG.bin,Structured Text,1,0,0,Calculations
DRIVER_1.bin,Structured Text,1,0,0,Basic_Dev_Drivers
DRIVER_4.bin,Structured Text,1,0,0,Basic_Dev_Drivers
DRIVER_4C.bin,Structured Text,1,0,0,Basic_Dev_Drivers
DST.bin,Structured Text,1,0,0,Time_and_Date
DT2_TO_SDT.bin,Structured Text,1,0,0,Time_and_Date
DT_SIMU.bin,Structured Text,1,0,0,Measure_Mods
DT_TO_SDT.bin,Structured Text,1,0,0,Time_and_Date
DT_TO_STRING.bin,Structured Text,1,0,0,Str_Func
DT_TO_TOD.bin,Structured Text,1,0,0,Time_and_Date
DWORD_OF_BYTE.bin,Structured Text,1,0,0,Logic_Mods
DWORD_OF_WORD.bin,Structured Text,1,0,0,Logic_Mods
DWORD_TO_DATE.bin,Structured Text,1,0,0,Time_and_Date
DWORD_TO_DT.bin,Structured Text,1,0,0,Time_and_Date
DWORD_TO_STRB.bin,Structured Text,1,0,0,Str_Func
DWORD_TO_STRF.bin,Structured Text,1,0,0,Str_Func
DWORD_TO_STRH.bin,Structured Text,1,0,0,Str_Func
DWORD_TO_TIME.bin,Structured Text,1,0,0,Time_and_Date
DWORD_TO_TOD.bin,Structured Text,1,0,0,Time_and_Date
D_TRIG.bin,Structured Text,1,0,0,Pulse_Gen
D_TRUNC.bin,Structured Text,1,0,0,Mathematics
EASTER.bin,Structured Text,1,0,0,Time_and_Date
ELLIPSE_A.bin,Structured Text,1,0,0,Basic_Other_Func
ELLIPSE_C.bin,Structured Text,1,0,0,Basic_Other_Func
ENERGY.bin,Structured Text,1,0,0,Calculations
ERF.bin,Structured Text,1,0,0,Mathematics
ERFC.bin,Structured Text,1,0,0,Mathematics
ESR_COLLECT.bin,Structured Text,1,0,0,Basic_Other_Func
ESR_MON_B8.bin,Structured Text,1,0,0,Basic_Other_Func
ESR_MON_X8.bin,Structured Text,1,0,0,Basic_Other_Func
EVEN.bin,Structured Text,1,0,0,Mathematics
EVENTS.bin,Structured Text,1,0,0,Time_and_Date
EXP10.bin,Structured Text,1,0,0,Mathematics
EXPN.bin,Structured Text,1,0,0,Mathematics
FACT.bin,Structured Text,1,0,0,Mathematics
FADE.bin,Structured Text,1,0,0,Signal_Proc
FF_D2E.bin,Structured Text,1,0,0,Latches_FlipFlop_ShiftReg
FF_D4E.bin,Structured Text,1,0,0,Latches_FlipFlop_ShiftReg
FF_DRE.bin,Structured Text,1,0,0,Latches_FlipFlop_ShiftReg
FF_JKE.bin,Structured Text,1,0,0,Latches_FlipFlop_ShiftReg
FF_RSE.bin,Structured Text,1,0,0,Latches_FlipFlop_ShiftReg
FIB.bin,Structured Text,1,0,0,Mathematics
FIFO_16.bin,Structured Text,1,0,0,Array_Buffer_Mem_List
FIFO_32.bin,Structured Text,1,0,0,Array_Buffer_Mem_List
FILE_BLOCK.bin,Structured Text,0,1,0,Network_2
FILE_PATH_SPLIT.bin,Structured Text,0,1,0,Network_2
FILL.bin,Structured Text,1,0,0,Str_Func
FILTER_DW.bin,Structured Text,1,0,0,Signal_Proc
FILTER_I.bin,Structured Text,1,0,0,Signal_Proc
FILTER_MAV_DW.bin,Structured Text,1,0,0,Signal_Proc
FILTER_MAV_W.bin,Structured Text,1,0,0,Signal_Proc
FILTER_W.bin,Structured Text,1,0,0,Signal_Proc
FILTER_WAV.bin,Structured Text,1,0,0,Signal_Proc
FINDB.bin,Structured Text,1,0,0,Str_Func
FINDP.bin,Structured Text,1,0,0,Str_Func
FIX.bin,Structured Text,1,0,0,Str_Func
FLOOR.bin,Structured Text,1,0,0,Mathematics
FLOOR2.bin,Structured Text,1,0,0,Mathematics
FLOW_CONTROL.bin,Structured Text,1,0,0,Basic_Dev_Drivers
FLOW_CONTROL_4.bin,Structured Text,1,0,0,Basic_Dev_Drivers
FRACT.bin,Structured Text,1,0,0,Mathematics
FRMP_B.bin,Structured Text,1,0,0,Arithmetic_Func
FT_AVG.bin,Structured Text,1,0,0,Arithmetic_Func
FT_DERIV.bin,Structured Text,1,0,0,Ctrl_Mods
FT_IMP.bin,Structured Text,1,0,0,Ctrl_Mods
FT_MIN_MAX.bin,Structured Text,1,0,0,Arithmetic_Func
FT_PD.bin,Structured Text,1,0,0,Ctrl_Mods
FT_PDT1.bin,Structured Text,1,0,0,Ctrl_Mods
FT_PIDWL.bin,Structured Text,1,0,0,Ctrl_Mods
FT_PIWL.bin,Structured Text,1,0,0,Ctrl_Mods
FT_PROFILE.bin,Structured Text,1,0,0,Basic_Dev_Drivers
FT_PT1.bin,Structured Text,1,0,0,Ctrl_Mods
FT_RMP.bin,Structured Text,1,0,0,Arithmetic_Func
FT_TN16.bin,Structured Text,1,0,0,Ctrl_Mods
FT_TN64.bin,Structured Text,1,0,0,Ctrl_Mods
FT_TN8.bin,Structured Text,1,0,0,Ctrl_Mods
F_LAMP.bin,Structured Text,0,0,1,Building_Other_Func
F_LIN.bin,Structured Text,1,0,0,Arithmetic_Func
F_LIN2.bin,Structured Text,1,0,0,Arithmetic_Func
F_POLY.bin,Structured Text,1,0,0,Arithmetic_Func
F_POWER.bin,Structured Text,1,0,0,Arithmetic_Func
F_QUAD.bin,Structured Text,1,0,0,Arithmetic_Func
F_TO_C.bin,Structured Text,1,0,0,Calculations
F_TO_OM.bin,Structured Text,1,0,0,Calculations
F_TO_PT.bin,Structured Text,1,0,0,Calculations
GAMMA.bin,Structured Text,1,0,0,Mathematics
GAUSS.bin,Structured Text,1,0,0,Mathematics
GAUSSCD.bin,Structured Text,1,0,0,Mathematics
GCD.bin,Structured Text,1,0,0,Mathematics
GDF.bin,Structured Text,1,0,0,Mathematics
GEN_BIT.bin,Structured Text,1,0,0,Pulse_Gen
GEN_PULSE.bin,Structured Text,1,0,0,Signal_Gen
GEN_PW2.bin,Structured Text,1,0,0,Signal_Gen
GEN_RDM.bin,Structured Text,1,0,0,Signal_Gen
GEN_RDT.bin,Structured Text,1,0,0,Signal_Gen
GEN_RMP.bin,Structured Text,1,0,0,Signal_Gen
GEN_SIN.bin,Structured Text,1,0,0,Signal_Gen
GEN_SQ.bin,Structured Text,1,0,0,Pulse_Gen
GEN_SQR.bin,Structured Text,1,0,0,Signal_Gen
GEO_TO_DEG.bin,Structured Text,1,0,0,Calculations
GOLD.bin,Structured Text,1,0,0,Mathematics
GRAY_TO_BYTE.bin,Structured Text,1,0,0,Logic_Mods
HEAT_INDEX.bin,Structured Text,0,0,1,Actuators_HAVC
HEAT_TEMP.bin,Structured Text,0,0,1,Actuators_HAVC
HOLIDAY.bin,Structured Text,1,0,0,Time_and_Date
HOUR.bin,Structured Text,1,0,0,Time_and_Date
HOUR_OF_DT.bin,Structured Text,1,0,0,Time_and_Date
HOUR_TO_TIME.bin,Structured Text,1,0,0,Time_and_Date
HOUR_TO_TOD.bin,Structured Text,1,0,0,Time_and_Date
HYPOT.bin,Structured Text,1,0,0,Mathematics
HYST.bin,Structured Text,1,0,0,Ctrl_Mods
HYST_1.bin,Structured Text,1,0,0,Ctrl_Mods
HYST_2.bin,Structured Text,1,0,0,Ctrl_Mods
HYST_3.bin,Structured Text,1,0,0,Ctrl_Mods
INC.bin,Structured Text,1,0,0,Mathematics
INC1.bin,Structured Text,1,0,0,Mathematics
INC2.bin,Structured Text,1,0,0,Mathematics
INC_DEC.bin,Structured Text,1,0,0,Basic_Dev_Drivers
INSERT250.bin,Structured Text,1,0,0,Str_Func
INTERLOCK.bin,Structured Text,1,0,0,Basic_Dev_Drivers
INTERLOCK_4.bin,Structured Text,1,0,0,Basic_Dev_Drivers
INT_TO_BCDC.bin,Structured Text,1,0,0,Logic_Mods
INT_TO_TIME.bin,Structured Text,1,0,0,Time_and_Date
INV.bin,Structured Text,1,0,0,Mathematics
IP4_CHECK.bin,Structured Text,0,1,0,Network_2
IP4_TO_STRING.bin,Structured Text,0,1,0,Network_2
IP_FIFO.bin,Structured Text,0,1,0,Network_2
IRTRANS_DECODE.bin,Structured Text,0,1,0,Network_1
IRTRANS_RCV_1.bin,Structured Text,0,1,0,Network_1
IRTRANS_RCV_4.bin,Structured Text,0,1,0,Network_1
IRTRANS_RCV_8.bin,Structured Text,0,1,0,Network_1
IRTRANS_SERVER.bin,Structured Text,0,1,0,Network_1
ISC_ALPHA.bin,Structured Text,1,0,0,Str_Func
ISC_CTRL.bin,Structured Text,1,0,0,Str_Func
ISC_HEX.bin,Structured Text,1,0,0,Str_Func
ISC_LOWER.bin,Structured Text,1,0,0,Str_Func
ISC_NUM.bin,Structured Text,1,0,0,Str_Func
ISC_UPPER.bin,Structured Text,1,0,0,Str_Func
IS_CC.bin,Structured Text,1,0,0,Str_Func
IS_NCC.bin,Structured Text,1,0,0,Str_Func
IS_SORTED.bin,Structured Text,1,0,0,Array_Buffer_Mem_List
IS_URLCHR.bin,Structured Text,0,1,0,Network_2
JD2000.bin,Structured Text,1,0,0,Time_and_Date
KMH_TO_MS.bin,Structured Text,1,0,0,Calculations
K_TO_C.bin,Structured Text,1,0,0,Calculations
LAMBERT_W.bin,Structured Text,1,0,0,Mathematics
LANGEVIN.bin,Structured Text,1,0,0,Mathematics
LEAP_DAY.bin,Structured Text,1,0,0,Time_and_Date
LEAP_OF_DATE.bin,Structured Text,1,0,0,Time_and_Date
LEAP_YEAR.bin,Structured Text,1,0,0,Time_and_Date
LEGIONELLA.bin,Structured Text,0,0,1,Actuators_HAVC
LENGTH.bin,Structured Text,1,0,0,Measure_Mods
LINEAR_INT.bin,Structured Text,1,0,0,Arithmetic_Func
LIST_ADD.bin,Structured Text,1,0,0,Array_Buffer_Mem_List
LOG_VIEWPORT.bin,Structured Text,0,1,0,Network_2
LTCH.bin,Structured Text,1,0,0,Latches_FlipFlop_ShiftReg
LTCH_4.bin,Structured Text,1,0,0,Latches_FlipFlop_ShiftReg
LTIME_TO_UTC.bin,Structured Text,1,0,0,Time_and_Date
MANUAL.bin,Structured Text,1,0,0,Basic_Dev_Drivers
MANUAL_1.bin,Structured Text,1,0,0,Basic_Dev_Drivers
MANUAL_2.bin,Structured Text,1,0,0,Basic_Dev_Drivers
MANUAL_4.bin,Structured Text,1,0,0,Basic_Dev_Drivers
MATRIX.bin,Structured Text,1,0,0,Logic_Mods
MAX3.bin,Structured Text,1,0,0,Mathematics
MAX_TIME.bin,Structured Text,1,0,0,Measure_Mods
MB_CLIENT.bin,Structured Text,0,1,0,Network_2
MB_SERVER.bin,Structured Text,0,1,0,Network_2
MB_VMAP.bin,Structured Text,0,1,0,Network_2
MESSAGE_4R.bin,Structured Text,1,0,0,Str_Func
MESSAGE_8.bin,Structured Text,1,0,0,Str_Func
MID3.bin,Structured Text,1,0,0,Mathematics
MIN3.bin,Structured Text,1,0,0,Mathematics
MINUTE.bin,Structured Text,1,0,0,Time_and_Date
MINUTE_OF_DT.bin,Structured Text,1,0,0,Time_and_Date
MINUTE_TO_TIME.bin,Structured Text,1,0,0,Time_and_Date
MIRROR.bin,Structured Text,1,0,0,Str_Func
MIX.bin,Structured Text,1,0,0,Signal_Proc
MODR.bin,Structured Text,1,0,0,Mathematics
MONTH_BEGIN.bin,Structured Text,1,0,0,Time_and_Date
MONTH_END.bin,Structured Text,1,0,0,Time_and_Date
MONTH_OF_DATE.bin,Structured Text,1,0,0,Time_and_Date
MONTH_TO_STRING.bin,Structured Text,1,0,0,Str_Func
MOON_PHASE.bin,Structured Text,0,1,0,Network_2
MS_TO_BFT.bin,Structured Text,1,0,0,Calculations
MS_TO_KMH.bin,Structured Text,1,0,0,Calculations
MULTIME.bin,Structured Text,1,0,0,Time_and_Date
MULTI_IN.bin,Structured Text,1,0,0,Sensors
MUL_ADD.bin,Structured Text,1,0,0,Mathematics
MUX_2.bin,Structured Text,1,0,0,Logic_Mods
MUX_4.bin,Structured Text,1,0,0,Logic_Mods
MUX_R2.bin,Structured Text,1,0,0,Signal_Proc
MUX_R4.bin,Structured Text,1,0,0,Signal_Proc
M_D.bin,Structured Text,1,0,0,Measure_Mods
M_T.bin,Structured Text,1,0,0,Measure_Mods
M_TX.bin,Structured Text,1,0,0,Measure_Mods
NEGX.bin,Structured Text,1,0,0,Mathematics
NETWORK_VERSION.bin,Structured Text,0,1,0,Network_2
NET_VAR_BOOL8.bin,Structured Text,0,1,0,Network_2
NET_VAR_BUFFER.bin,Structured Text,0,1,0,Network_2
NET_VAR_DWORD8.bin,Structured Text,0,1,0,Network_2
OFFSET.bin,Structured Text,1,0,0,Signal_Proc
OFFSET2.bin,Structured Text,1,0,0,Signal_Proc
OM_TO_F.bin,Structured Text,1,0,0,Calculations
ONTIME.bin,Structured Text,1,0,0,Measure_Mods
OSCAT_VERSION.bin,Structured Text,1,0,0,Basic_Other_Func
PARITY.bin,Structured Text,1,0,0,Logic_Mods
PARSET.bin,Structured Text,1,0,0,Basic_Dev_Drivers
PARSET2.bin,Structured Text,1,0,0,Basic_Dev_Drivers
PERIOD.bin,Structured Text,1,0,0,Time_and_Date
PERIOD2.bin,Structured Text,1,0,0,Time_and_Date
POLYNOM_INT.bin,Structured Text,1,0,0,Arithmetic_Func
PRESSURE.bin,Structured Text,1,0,0,Calculations
PT_TO_F.bin,Structured Text,1,0,0,Calculations
PULSE_LENGTH.bin,Structured Text,0,0,1,Building_Other_Func
PULSE_T.bin,Structured Text,0,0,1,Building_Other_Func
PWM_DC.bin,Structured Text,1,0,0,Signal_Gen
PWM_PW.bin,Structured Text,1,0,0,Signal_Gen
R2_ABS.bin,Structured Text,1,0,0,Basic_Other_Func
R2_ADD.bin,Structured Text,1,0,0,Basic_Other_Func
R2_ADD2.bin,Structured Text,1,0,0,Basic_Other_Func
R2_DIV.bin,Structured Text,1,0,0,Basic_Other_Func
R2_MUL.bin,Structured Text,1,0,0,Basic_Other_Func
R2_SET.bin,Structured Text,1,0,0,Basic_Other_Func
RAD.bin,Structured Text,1,0,0,Mathematics
RANGE_TO_BYTE.bin,Structured Text,1,0,0,Signal_Proc
RANGE_TO_WORD.bin,Structured Text,1,0,0,Signal_Proc
RDM.bin,Structured Text,1,0,0,Mathematics
RDM2.bin,Structured Text,1,0,0,Mathematics
RDMDW.bin,Structured Text,1,0,0,Mathematics
REAL_TO_FRAC.bin,Structured Text,1,0,0,Mathematics
REAL_TO_STRF.bin,Structured Text,1,0,0,Str_Func
REAL_TO_TIME.bin,Structured Text,1,0,0,Time_and_Date
REFLECT.bin,Structured Text,1,0,0,Logic_Mods
REFRACTION.bin,Structured Text,1,0,0,Time_and_Date
REPLACE_ALL.bin,Structured Text,1,0,0,Str_Func
REPLACE_CHARS.bin,Structured Text,1,0,0,Str_Func
RES_NI.bin,Structured Text,1,0,0,Sensors
RES_NTC.bin,Structured Text,1,0,0,Sensors
RES_PT.bin,Structured Text,1,0,0,Sensors
RES_SI.bin,Structured Text,1,0,0,Sensors
REVERSE.bin,Structured Text,1,0,0,Logic_Mods
RMP_B.bin,Structured Text,1,0,0,Signal_Gen
RMP_SOFT.bin,Structured Text,1,0,0,Signal_Gen
RMP_W.bin,Structured Text,1,0,0,Signal_Gen
RND.bin,Structured Text,1,0,0,Mathematics
ROUND.bin,Structured Text,1,0,0,Mathematics
RTC_2.bin,Structured Text,1,0,0,Time_and_Date
RTC_MS.bin,Structured Text,1,0,0,Time_and_Date
SCALE.bin,Structured Text,1,0,0,Signal_Proc
SCALE_B.bin,Structured Text,1,0,0,Signal_Proc
SCALE_B2.bin,Structured Text,1,0,0,Signal_Proc
SCALE_B4.bin,Structured Text,1,0,0,Signal_Proc
SCALE_B8.bin,Structured Text,1,0,0,Signal_Proc
SCALE_D.bin,Structured Text,1,0,0,Signal_Proc
SCALE_R.bin,Structured Text,1,0,0,Signal_Proc
SCALE_X2.bin,Structured Text,1,0,0,Signal_Proc
SCALE_X4.bin,Structured Text,1,0,0,Signal_Proc
SCALE_X8.bin,Structured Text,1,0,0,Signal_Proc
SCHEDULER.bin,Structured Text,1,0,0,Pulse_Gen
SCHEDULER_2.bin,Structured Text,1,0,0,Pulse_Gen
SDD.bin,Structured Text,0,0,1,Actuators_HAVC
SDD_NH3.bin,Structured Text,0,0,1,Actuators_HAVC
SDT_NH3.bin,Structured Text,0,0,1,Actuators_HAVC
SDT_TO_DATE.bin,Structured Text,1,0,0,Time_and_Date
SDT_TO_DT.bin,Structured Text,1,0,0,Time_and_Date
SDT_TO_TOD.bin,Structured Text,1,0,0,Time_and_Date
SECOND.bin,Structured Text,1,0,0,Time_and_Date
SECOND_OF_DT.bin,Structured Text,1,0,0,Time_and_Date
SECOND_TO_TIME.bin,Structured Text,1,0,0,Time_and_Date
SEL2_OF_3.bin,Structured Text,1,0,0,Signal_Proc
SEL2_OF_3B.bin,Structured Text,1,0,0,Signal_Proc
SELECT_8.bin,Structured Text,1,0,0,Latches_FlipFlop_ShiftReg
SENSOR_INT.bin,Structured Text,1,0,0,Sensors
SEQUENCE_4.bin,Structured Text,1,0,0,Pulse_Gen
SEQUENCE_64.bin,Structured Text,1,0,0,Pulse_Gen
SEQUENCE_8.bin,Structured Text,1,0,0,Pulse_Gen
SETUP_CHARNAMES.bin,Structured Text,1,0,0,Time_and_Date
SETUP_DIRS.bin,Structured Text,1,0,0,Time_and_Date
SETUP_EXTENDED_ASCII.bin,Structured Text,1,0,0,Time_and_Date
SETUP_HOLIDAY_AT.bin,Structured Text,1,0,0,Time_and_Date
SETUP_HOLIDAY_DE.bin,Structured Text,1,0,0,Time_and_Date
SETUP_HOLIDAY_FR.bin,Structured Text,1,0,0,Time_and_Date
SETUP_LANGUAGE.bin,Structured Text,1,0,0,Time_and_Date
SETUP_LOCATION.bin,Structured Text,1,0,0,Time_and_Date
SETUP_MONTHS.bin,Structured Text,1,0,0,Time_and_Date
SETUP_MONTHS3.bin,Structured Text,1,0,0,Time_and_Date
SETUP_WEEKDAYS.bin,Structured Text,1,0,0,Time_and_Date
SETUP_WEEKDAYS2.bin,Structured Text,1,0,0,Time_and_Date
SET_DATE.bin,Structured Text,1,0,0,Time_and_Date
SET_DT.bin,Structured Text,1,0,0,Time_and_Date
SET_TOD.bin,Structured Text,1,0,0,Time_and_Date
SGN.bin,Structured Text,1,0,0,Mathematics
SH.bin,Structured Text,1,0,0,Signal_Proc
SHA1_STREAM.bin,Structured Text,0,1,0,Network_2
SHL1.bin,Structured Text,1,0,0,Logic_Mods
SHR1.bin,Structured Text,1,0,0,Logic_Mods
SHR_4E.bin,Structured Text,1,0,0,Latches_FlipFlop_ShiftReg
SHR_4UDE.bin,Structured Text,1,0,0,Latches_FlipFlop_ShiftReg
SHR_8PLE.bin,Structured Text,1,0,0,Latches_FlipFlop_ShiftReg
SHR_8UDE.bin,Structured Text,1,0,0,Latches_FlipFlop_ShiftReg
SH_1.bin,Structured Text,1,0,0,Signal_Proc
SH_2.bin,Structured Text,1,0,0,Signal_Proc
SH_T.bin,Structured Text,1,0,0,Signal_Proc
SIGMOID.bin,Structured Text,1,0,0,Mathematics
SIGNAL.bin,Structured Text,1,0,0,Basic_Dev_Drivers
SIGNAL_4.bin,Structured Text,1,0,0,Basic_Dev_Drivers
SIGN_I.bin,Structured Text,1,0,0,Mathematics
SIGN_R.bin,Structured Text,1,0,0,Mathematics
SINC.bin,Structured Text,1,0,0,Mathematics
SINH.bin,Structured Text,1,0,0,Mathematics
SNTP_CLIENT.bin,Structured Text,0,1,0,Network_2
SPEED.bin,Structured Text,1,0,0,Calculations
SPHERE_V.bin,Structured Text,1,0,0,Basic_Other_Func
SQRTN.bin,Structured Text,1,0,0,Mathematics
SRAMP.bin,Structured Text,1,0,0,Basic_Dev_Drivers
STACK_16.bin,Structured Text,1,0,0,Array_Buffer_Mem_List
STACK_32.bin,Structured Text,1,0,0,Array_Buffer_Mem_List
STAIR.bin,Structured Text,1,0,0,Signal_Proc
STAIR2.bin,Structured Text,1,0,0,Signal_Proc
STATUS_TO_ESR.bin,Structured Text,1,0,0,Basic_Other_Func
STORE_8.bin,Structured Text,1,0,0,Latches_FlipFlop_ShiftReg
SUN_MIDDAY.bin,Structured Text,1,0,0,Time_and_Date
SUN_POS.bin,Structured Text,1,0,0,Time_and_Date
SUN_TIME.bin,Structured Text,1,0,0,Time_and_Date
SWAP_BYTE.bin,Structured Text,1,0,0,Logic_Mods
SWAP_BYTE2.bin,Structured Text,1,0,0,Logic_Mods
SWITCH_I.bin,Structured Text,0,0,1,Building_Other_Func
SWITCH_X.bin,Structured Text,0,0,1,Building_Other_Func
SW_RECONFIG.bin,Structured Text,0,0,1,Building_Other_Func
TANC.bin,Structured Text,1,0,0,Mathematics
TANH.bin,Structured Text,1,0,0,Mathematics
TANK_LEVEL.bin,Structured Text,0,0,1,Actuators_HAVC
TANK_VOL1.bin,Structured Text,0,0,1,Actuators_HAVC
TANK_VOL2.bin,Structured Text,0,0,1,Actuators_HAVC
TC_MS.bin,Structured Text,1,0,0,Measure_Mods
TC_S.bin,Structured Text,1,0,0,Measure_Mods
TC_US.bin,Structured Text,1,0,0,Measure_Mods
TEMPERATURE.bin,Structured Text,1,0,0,Calculations
TEMP_EXT.bin,Structured Text,0,0,1,Actuators_HAVC
TEMP_NI.bin,Structured Text,1,0,0,Sensors
TEMP_NTC.bin,Structured Text,1,0,0,Sensors
TEMP_PT.bin,Structured Text,1,0,0,Sensors
TEMP_SI.bin,Structured Text,1,0,0,Sensors
TIMECHECK.bin,Structured Text,1,0,0,Time_and_Date
TIMER_1.bin,Structured Text,0,0,1,Building_Other_Func
TIMER_2.bin,Structured Text,0,0,1,Building_Other_Func
TIMER_EXT.bin,Structured Text,0,0,1,Building_Other_Func
TIMER_P4.bin,Structured Text,0,0,1,Building_Other_Func
TIME_TO_DWORD.bin,Structured Text,1,0,0,Time_and_Date
TIME_TO_INT.bin,Structured Text,1,0,0,Time_and_Date
TIME_TO_REAL.bin,Structured Text,1,0,0,Time_and_Date
TIME_TO_TOD.bin,Structured Text,1,0,0,Time_and_Date
TIME_TO_UDINT.bin,Structured Text,1,0,0,Time_and_Date
TMAX.bin,Structured Text,1,0,0,Pulse_Gen
TMIN.bin,Structured Text,1,0,0,Pulse_Gen
TN_RECEIVE.bin,Structured Text,0,1,0,Network_1
TN_SC_ADD_SHADOW.bin,Structured Text,0,1,0,Network_1
TN_SC_AREA_RESTORE.bin,Structured Text,0,1,0,Network_1
TN_SC_AREA_SAVE.bin,Structured Text,0,1,0,Network_1
TN_SC_BOX.bin,Structured Text,0,1,0,Network_1
TN_SC_FILL.bin,Structured Text,0,1,0,Network_1
TN_SC_LINE.bin,Structured Text,0,1,0,Network_1
TN_SC_READ_ATTR.bin,Structured Text,0,1,0,Network_1
TN_SC_READ_CHAR.bin,Structured Text,0,1,0,Network_1
TN_SC_SHADOW_ATTR.bin,Structured Text,0,1,0,Network_1
TN_SC_WRITE_ATTR.bin,Structured Text,0,1,0,Network_1
TN_SC_WRITE_CHAR.bin,Structured Text,0,1,0,Network_1
TN_SC_XY2_ERROR.bin,Structured Text,0,1,0,Network_1
TN_SC_XY_ERROR.bin,Structured Text,0,1,0,Network_1
TN_SEND_ROWS.bin,Structured Text,0,1,0,Network_1
TOD_TO_REAL.bin,Structured Text,1,0,0,Logic_Mods
TOD_TO_STRING.bin,Structured Text,1,0,0,Str_Func
TOD_TO_TIME.bin,Structured Text,1,0,0,Time_and_Date
TOF_1.bin,Structured Text,1,0,0,Pulse_Gen
TOGGLE.bin,Structured Text,1,0,0,Latches_FlipFlop_ShiftReg
TONOF.bin,Structured Text,1,0,0,Pulse_Gen
TO_LOWER.bin,Structured Text,1,0,0,Str_Func
TO_UML.bin,Structured Text,1,0,0,Str_Func
TO_UPPER.bin,Structured Text,1,0,0,Str_Func
TP_1.bin,Structured Text,1,0,0,Pulse_Gen
TP_1D.bin,Structured Text,1,0,0,Pulse_Gen
TP_X.bin,Structured Text,1,0,0,Pulse_Gen
TREND.bin,Structured Text,1,0,0,Signal_Proc
TREND_DW.bin,Structured Text,1,0,0,Signal_Proc
TRIANGLE_A.bin,Structured Text,1,0,0,Basic_Other_Func
TRIM.bin,Structured Text,1,0,0,Str_Func
TRIM1.bin,Structured Text,1,0,0,Str_Func
TRUNC_REAL.bin,Structured Text,1,0,0,Mathematics
TRUNC_UDINT.bin,Structured Text,1,0,0,Mathematics
TUNE.bin,Structured Text,1,0,0,Basic_Dev_Drivers
TUNE2.bin,Structured Text,1,0,0,Basic_Dev_Drivers
T_PLC_MS.bin,Structured Text,1,0,0,Measure_Mods
T_PLC_US.bin,Structured Text,1,0,0,Measure_Mods
UDINT_TO_TIME.bin,Structured Text,1,0,0,Time_and_Date
URL_TO_STRING.bin,Structured Text,0,1,0,Network_2
UTC_TO_LTIME.bin,Structured Text,1,0,0,Time_and_Date
V3_ABS.bin,Structured Text,1,0,0,Vector_Math
V3_ADD.bin,Structured Text,1,0,0,Vector_Math
V3_ANG.bin,Structured Text,1,0,0,Vector_Math
V3_DPRO.bin,Structured Text,1,0,0,Vector_Math
V3_NORM.bin,Structured Text,1,0,0,Vector_Math
V3_NUL.bin,Structured Text,1,0,0,Vector_Math
V3_PAR.bin,Structured Text,1,0,0,Vector_Math
V3_REV.bin,Structured Text,1,0,0,Vector_Math
V3_SMUL.bin,Structured Text,1,0,0,Vector_Math
V3_SUB.bin,Structured Text,1,0,0,Vector_Math
V3_XANG.bin,Structured Text,1,0,0,Vector_Math
V3_XPRO.bin,Structured Text,1,0,0,Vector_Math
V3_YANG.bin,Structured Text,1,0,0,Vector_Math
V3_ZANG.bin,Structured Text,1,0,0,Vector_Math
WATER_CP.bin,Structured Text,0,0,1,Actuators_HAVC
WATER_DENSITY.bin,Structured Text,0,0,1,Actuators_HAVC
WATER_ENTHALPY.bin,Structured Text,0,0,1,Actuators_HAVC
WCT.bin,Structured Text,0,0,1,Actuators_HAVC
WEEKDAY_TO_STRING.bin,Structured Text,1,0,0,Str_Func
WINDOW.bin,Structured Text,1,0,0,Mathematics
WINDOW2.bin,Structured Text,1,0,0,Mathematics
WORD_OF_BYTE.bin,Structured Text,1,0,0,Logic_Mods
WORD_OF_DWORD.bin,Structured Text,1,0,0,Logic_Mods
WORD_TO_RANGE.bin,Structured Text,1,0,0,Signal_Proc
WORK_WEEK.bin,Structured Text,1,0,0,Time_and_Date
WORLD_WEATHER_DESC_GE.bin,Structured Text,0,1,0,Network_2
WORLD_WEATHER_ICON_OSCAT.bin,Structured Text,0,1,0,Network_2
YAHOO_WEATHER_DESC_GE.bin,Structured Text,0,1,0,Network_2
YAHOO_WEATHER_ICON_OSCAT.bin,Structured Text,0,1,0,Network_2
YEAR_BEGIN.bin,Structured Text,1,0,0,Time_and_Date
YEAR_END.bin,Structured Text,1,0,0,Time_and_Date
YEAR_OF_DATE.bin,Structured Text,1,0,0,Time_and_Date
_ARRAY_ABS.bin,Structured Text,1,0,0,Array_Buffer_Mem_List
_ARRAY_ADD.bin,Structured Text,1,0,0,Array_Buffer_Mem_List
_ARRAY_INIT.bin,Structured Text,1,0,0,Array_Buffer_Mem_List
_ARRAY_MUL.bin,Structured Text,1,0,0,Array_Buffer_Mem_List
_ARRAY_SHUFFLE.bin,Structured Text,1,0,0,Array_Buffer_Mem_List
_ARRAY_SORT.bin,Structured Text,1,0,0,Array_Buffer_Mem_List
_BUFFER_UPPERCASE_NW.bin,Structured Text,0,1,0,Array_Buffer_Mem_List
_BYTE_TO_DINT.bin,Structured Text,1,0,0,Logic_Mods
_BYTE_TO_INT.bin,Structured Text,1,0,0,Logic_Mods
_BYTE_TO_REAL.bin,Structured Text,1,0,0,Logic_Mods
_DWORD_TO_REAL.bin,Structured Text,1,0,0,Logic_Mods
_INSERT80.bin,Structured Text,1,0,0,Str_Func
_INT_TO_UDINT.bin,Structured Text,1,0,0,Logic_Mods
_MOD_INT.bin,Structured Text,1,0,0,Mathematics
_REAL_TO_DINT.bin,Structured Text,1,0,0,Logic_Mods
_REAL_TO_DWORD.bin,Structured Text,1,0,0,Logic_Mods
_REAL_TO_UDINT.bin,Structured Text,1,0,0,Logic_Mods
_RMP_B.bin,Structured Text,1,0,0,Signal_Gen
_RMP_NEXT.bin,Structured Text,1,0,0,Signal_Gen
_RMP_W.bin,Structured Text,1,0,0,Signal_Gen
_WORD_TO_DINT.bin,Structured Text,1,0,0,Logic_Mods
_WORD_TO_REAL.bin,Structured Text,1,0,0,Logic_Mods
