ProgramName,OpenPLCv2,OpenPLCv3,Codesys,GEB,FuncLabels,ProgramLang,Basic,Network_Communication,Building
ACOSH,1,1,1,1,Mathematics,Structured Text,1,0,0
ACOTH,1,1,1,1,Mathematics,Structured Text,1,0,0
ACTUATOR_3P,1,1,0,1,Actuators_HVAC,Structured Text,0,0,1
ACTUATOR_A,1,1,0,0,Actuators_HVAC,Structured Text,0,0,1
ACTUATOR_COIL,1,1,0,1,Actuators_HVAC,Structured Text,0,0,1
ACTUATOR_PUMP,1,1,0,1,Actuators_HVAC,Structured Text,0,0,1
ACTUATOR_UD,1,1,0,1,Actuators_HVAC,Structured Text,0,0,1
AGDF,1,1,1,1,Mathematics,Structured Text,1,0,0
AIN,1,1,1,1,Signal_Proc,Structured Text,1,0,0
AIN1,1,1,1,1,Signal_Proc,Structured Text,1,0,0
AIR_DENSITY,1,1,0,1,Actuators_HVAC,Structured Text,0,0,1
AIR_ENTHALPY,1,1,0,1,Actuators_HVAC,Structured Text,0,0,1
ALARM_2,1,1,1,1,Measure_Mods,Structured Text,1,0,0
AOUT,1,1,1,1,Signal_Proc,Structured Text,1,0,0
AOUT1,1,1,1,1,Signal_Proc,Structured Text,1,0,0
ARRAY_AVG,1,1,1,1,Array_Buffer_Mem_List,Structured Text,1,0,0
ARRAY_GAV,1,1,1,1,Array_Buffer_Mem_List,Structured Text,1,0,0
ARRAY_HAV,1,1,1,1,Array_Buffer_Mem_List,Structured Text,1,0,0
ARRAY_MAX,1,1,1,1,Array_Buffer_Mem_List,Structured Text,1,0,0
ARRAY_MEDIAN,1,1,0,1,Array_Buffer_Mem_List,Structured Text,1,0,0
ARRAY_MIN,1,1,1,1,Array_Buffer_Mem_List,Structured Text,1,0,0
ARRAY_SDV,1,1,1,1,Array_Buffer_Mem_List,Structured Text,1,0,0
ARRAY_SPR,1,1,1,1,Array_Buffer_Mem_List,Structured Text,1,0,0
ARRAY_SUM,1,1,1,1,Array_Buffer_Mem_List,Structured Text,1,0,0
ARRAY_TREND,1,1,1,1,Array_Buffer_Mem_List,Structured Text,1,0,0
ARRAY_VAR,1,1,1,1,Array_Buffer_Mem_List,Structured Text,1,0,0
ASINH,1,1,1,1,Mathematics,Structured Text,1,0,0
ASTRO,1,1,1,1,Calculations,Structured Text,1,0,0
ATAN2,1,1,1,1,Mathematics,Structured Text,1,0,0
ATANH,1,1,1,1,Mathematics,Structured Text,1,0,0
AUTORUN,1,1,0,0,Actuators_HVAC,Structured Text,0,0,1
A_TRIG,1,1,1,1,Pulse_Gen,Structured Text,1,0,0
BAND_B,1,1,1,1,Ctrl_Mods,Structured Text,1,0,0
BAR_GRAPH,1,1,1,1,Measure_Mods,Structured Text,1,0,0
BASE64_DECODE_STREAM,1,1,0,1,Network_Communication,Structured Text,0,1,0
BCDC_TO_INT,1,1,1,1,Logic_Mods,Structured Text,1,0,0
BETA,1,1,1,1,Mathematics,Structured Text,1,0,0
BFT_TO_MS,1,1,1,1,Calculations,Structured Text,1,0,0
BINOM,1,1,1,1,Mathematics,Structured Text,1,0,0
BIT_COUNT,1,1,1,1,Logic_Mods,Structured Text,1,0,0
BIT_LOAD_B,1,1,1,1,Logic_Mods,Structured Text,1,0,0
BIT_LOAD_B2,1,1,1,1,Logic_Mods,Structured Text,1,0,0
BIT_LOAD_DW,1,1,1,1,Logic_Mods,Structured Text,1,0,0
BIT_LOAD_DW2,1,1,1,1,Logic_Mods,Structured Text,1,0,0
BIT_LOAD_W,1,1,1,1,Logic_Mods,Structured Text,1,0,0
BIT_LOAD_W2,1,1,1,1,Logic_Mods,Structured Text,1,0,0
BIT_OF_DWORD,1,1,1,1,Logic_Mods,Structured Text,1,0,0
BIT_TOGGLE_B,1,1,1,1,Logic_Mods,Structured Text,1,0,0
BIT_TOGGLE_DW,1,1,1,1,Logic_Mods,Structured Text,1,0,0
BIT_TOGGLE_W,1,1,1,1,Logic_Mods,Structured Text,1,0,0
BLIND_ACTUATOR,1,1,0,1,Building_Other_Func,Structured Text,0,0,1
BLIND_CONTROL,1,1,0,1,Building_Other_Func,Structured Text,0,0,1
BLIND_CONTROL_S,1,1,0,1,Building_Other_Func,Structured Text,0,0,1
BLIND_INPUT,1,1,0,0,Building_Other_Func,Structured Text,0,0,1
BLIND_NIGHT,1,1,0,1,Building_Other_Func,Structured Text,0,0,1
BLIND_SCENE,1,1,0,1,Building_Other_Func,Structured Text,0,0,1
BLIND_SECURITY,1,1,0,1,Building_Other_Func,Structured Text,0,0,1
BLIND_SET,1,1,0,1,Building_Other_Func,Structured Text,0,0,1
BLIND_SHADE_S,1,1,0,1,Building_Other_Func,Structured Text,0,0,1
BOILER,1,1,0,1,Actuators_HVAC,Structured Text,0,0,1
BUFFER_COMP,1,1,1,1,Array_Buffer_Mem_List,Structured Text,1,0,0
BUFFER_COMP_NW,1,1,0,1,Array_Buffer_Mem_List,Structured Text,0,1,0
BUILDING_VERSION,1,1,0,1,Building_Other_Func,Structured Text,0,0,1
BURNER,0,1,0,1,Actuators_HVAC,Structured Text,0,0,1
BYTE_OF_BIT,1,1,1,1,Logic_Mods,Structured Text,1,0,0
BYTE_OF_DWORD,1,1,1,1,Logic_Mods,Structured Text,1,0,0
BYTE_TO_BITS,1,1,1,1,Logic_Mods,Structured Text,1,0,0
BYTE_TO_GRAY,1,1,1,1,Logic_Mods,Structured Text,1,0,0
BYTE_TO_RANGE,1,1,1,1,Signal_Proc,Structured Text,1,0,0
BYTE_TO_STRB,1,1,1,1,Str_Func,Structured Text,1,0,0
BYTE_TO_STRH,1,1,1,1,Str_Func,Structured Text,1,0,0
BYTE_TO_TIME,1,1,0,1,Logic_Mods,Structured Text,1,0,0
B_TRIG,1,1,1,1,Pulse_Gen,Structured Text,1,0,0
CABS,1,1,1,1,Complex_Math,Structured Text,1,0,0
CACOS,1,1,1,1,Complex_Math,Structured Text,1,0,0
CACOSH,1,1,1,1,Complex_Math,Structured Text,1,0,0
CADD,1,1,1,1,Complex_Math,Structured Text,1,0,0
CALENDAR_CALC,1,1,1,1,Time_and_Date,Structured Text,1,0,0
CALIBRATE,1,1,1,1,Measure_Mods,Structured Text,1,0,0
CARG,1,1,1,1,Complex_Math,Structured Text,1,0,0
CASIN,1,1,1,1,Complex_Math,Structured Text,1,0,0
CASINH,1,1,1,1,Complex_Math,Structured Text,1,0,0
CATAN,1,1,1,1,Complex_Math,Structured Text,1,0,0
CATANH,1,1,1,1,Complex_Math,Structured Text,1,0,0
CAUCHY,1,1,1,1,Mathematics,Structured Text,1,0,0
CAUCHYCD,1,1,1,1,Mathematics,Structured Text,1,0,0
CCON,1,1,1,1,Complex_Math,Structured Text,1,0,0
CCOS,1,1,1,1,Complex_Math,Structured Text,1,0,0
CCOSH,1,1,1,1,Complex_Math,Structured Text,1,0,0
CDIV,1,1,1,1,Complex_Math,Structured Text,1,0,0
CEIL,1,1,1,1,Mathematics,Structured Text,1,0,0
CEIL2,1,1,1,1,Mathematics,Structured Text,1,0,0
CEXP,1,1,1,1,Complex_Math,Structured Text,1,0,0
CHARNAME,1,1,1,1,Str_Func,Structured Text,1,0,0
CHECK_PARITY,1,1,1,1,Logic_Mods,Structured Text,1,0,0
CHR_TO_STRING,1,1,1,1,Str_Func,Structured Text,1,0,0
CINV,1,1,1,1,Complex_Math,Structured Text,1,0,0
CIRCLE_A,1,1,1,1,Basic_Other_Func,Structured Text,1,0,0
CIRCLE_C,1,1,1,1,Basic_Other_Func,Structured Text,1,0,0
CIRCLE_SEG,1,1,1,1,Basic_Other_Func,Structured Text,1,0,0
CLEAN,1,1,1,1,Str_Func,Structured Text,1,0,0
CLICK,1,1,0,0,Building_Other_Func,Structured Text,0,0,1
CLICK_CNT,1,1,1,1,Pulse_Gen,Structured Text,1,0,0
CLICK_DEC,1,1,1,1,Pulse_Gen,Structured Text,1,0,0
CLICK_MODE,1,1,0,0,Building_Other_Func,Structured Text,0,0,1
CLK_DIV,1,1,1,1,Pulse_Gen,Structured Text,1,0,0
CLK_N,1,1,1,1,Pulse_Gen,Structured Text,1,0,0
CLK_PRG,1,1,1,1,Pulse_Gen,Structured Text,1,0,0
CLK_PULSE,1,1,1,1,Pulse_Gen,Structured Text,1,0,0
CLOG,1,1,1,1,Complex_Math,Structured Text,1,0,0
CMP,1,1,1,1,Mathematics,Structured Text,1,0,0
CMUL,1,1,1,1,Complex_Math,Structured Text,1,0,0
CONE_V,1,1,1,1,Basic_Other_Func,Structured Text,1,0,0
CONTROL_SET1,1,1,1,1,Ctrl_Mods,Structured Text,1,0,0
CONTROL_SET2,1,1,1,1,Ctrl_Mods,Structured Text,1,0,0
COSH,1,1,1,1,Mathematics,Structured Text,1,0,0
COTH,1,1,1,1,Mathematics,Structured Text,1,0,0
COUNT_BR,1,1,1,1,Latches_FlipFlop_ShiftReg,Structured Text,1,0,0
COUNT_DR,1,1,1,1,Latches_FlipFlop_ShiftReg,Structured Text,1,0,0
COUNT_SUBSTRING,1,1,1,1,Str_Func,Structured Text,1,0,0
CPOL,1,1,1,1,Complex_Math,Structured Text,1,0,0
CPOW,1,1,1,1,Complex_Math,Structured Text,1,0,0
CRC_GEN,1,1,1,1,Logic_Mods,Structured Text,1,0,0
CSET,1,1,1,1,Complex_Math,Structured Text,1,0,0
CSIN,1,1,1,1,Complex_Math,Structured Text,1,0,0
CSINH,1,1,1,1,Complex_Math,Structured Text,1,0,0
CSQRT,1,1,1,1,Complex_Math,Structured Text,1,0,0
CSUB,1,1,1,1,Complex_Math,Structured Text,1,0,0
CTAN,1,1,1,1,Complex_Math,Structured Text,1,0,0
CTANH,1,1,1,1,Complex_Math,Structured Text,1,0,0
CTRL_IN,1,1,1,1,Ctrl_Mods,Structured Text,1,0,0
CTRL_OUT,1,1,1,1,Ctrl_Mods,Structured Text,1,0,0
CTRL_PI,1,1,1,1,Ctrl_Mods,Structured Text,1,0,0
CTRL_PID,1,1,1,1,Ctrl_Mods,Structured Text,1,0,0
CTRL_PWM,1,1,1,1,Ctrl_Mods,Structured Text,1,0,0
CYCLE_4,1,1,1,1,Pulse_Gen,Structured Text,1,0,0
CYCLE_TIME,1,1,1,1,Measure_Mods,Structured Text,1,0,0
C_TO_F,1,1,1,1,Calculations,Structured Text,1,0,0
C_TO_K,1,1,1,1,Calculations,Structured Text,1,0,0
DATE_ADD,1,1,1,1,Time_and_Date,Structured Text,1,0,0
DATE_TO_DT,1,1,0,1,Time_and_Date,Structured Text,1,0,0
DATE_TO_DWORD,1,1,0,1,Time_and_Date,Structured Text,1,0,0
DATE_TO_REAL,1,1,0,1,Time_and_Date,Structured Text,1,0,0
DATE_TO_STRING,1,1,0,1,Str_Func,Structured Text,1,0,0
DATE_TO_UDINT,1,1,0,1,Time_and_Date,Structured Text,1,0,0
DAYS_DELTA,1,1,1,1,Time_and_Date,Structured Text,1,0,0
DAYS_IN_MONTH,1,1,1,1,Time_and_Date,Structured Text,1,0,0
DAYS_IN_YEAR,1,1,1,1,Time_and_Date,Structured Text,1,0,0
DAY_OF_DATE,1,1,1,1,Time_and_Date,Structured Text,1,0,0
DAY_OF_MONTH,1,1,1,1,Time_and_Date,Structured Text,1,0,0
DAY_OF_WEEK,1,1,1,1,Time_and_Date,Structured Text,1,0,0
DAY_OF_YEAR,1,1,1,1,Time_and_Date,Structured Text,1,0,0
DAY_TO_TIME,0,1,1,1,Time_and_Date,Structured Text,1,0,0
DCF77,0,1,1,1,Time_and_Date,Structured Text,1,0,0
DEAD_BAND,1,1,1,1,Ctrl_Mods,Structured Text,1,0,0
DEAD_BAND_A,1,1,1,1,Ctrl_Mods,Structured Text,1,0,0
DEAD_ZONE,1,1,1,1,Ctrl_Mods,Structured Text,1,0,0
DEAD_ZONE2,1,1,1,1,Ctrl_Mods,Structured Text,1,0,0
DEBOUNCE,1,1,0,1,Building_Other_Func,Structured Text,0,0,1
1-Dec,1,1,1,1,Mathematics,Structured Text,1,0,0
DEC_2,1,1,1,1,Logic_Mods,Structured Text,1,0,0
DEC_4,1,1,1,1,Logic_Mods,Structured Text,1,0,0
DEC_8,1,1,1,1,Logic_Mods,Structured Text,1,0,0
DEG,1,1,1,1,Mathematics,Structured Text,1,0,0
DEG_TO_DIR,1,1,1,1,Calculations,Structured Text,1,0,0
DELAY,1,1,1,1,Signal_Proc,Structured Text,1,0,0
DELAY_4,1,1,1,1,Signal_Proc,Structured Text,1,0,0
DEL_CHARS,1,1,1,1,Str_Func,Structured Text,1,0,0
DEW_CON,1,1,0,1,Actuators_HVAC,Structured Text,0,0,1
DEW_RH,1,1,0,1,Actuators_HVAC,Structured Text,0,0,1
DEW_TEMP,1,1,0,1,Actuators_HVAC,Structured Text,0,0,1
DIFFER,1,1,1,1,Mathematics,Structured Text,1,0,0
DIMM_2,1,1,0,0,Building_Other_Func,Structured Text,0,0,1
DIMM_I,1,1,0,0,Building_Other_Func,Structured Text,0,0,1
DIR_TO_DEG,1,1,1,1,Calculations,Structured Text,1,0,0
DRIVER_1,1,1,1,1,Basic_Dev_Drivers,Structured Text,1,0,0
DRIVER_4,1,1,1,1,Basic_Dev_Drivers,Structured Text,1,0,0
DRIVER_4C,1,1,1,1,Basic_Dev_Drivers,Structured Text,1,0,0
DST,1,1,1,1,Time_and_Date,Structured Text,1,0,0
DT2_TO_SDT,1,1,1,1,Time_and_Date,Structured Text,1,0,0
DT_SIMU,1,1,1,1,Measure_Mods,Structured Text,1,0,0
DT_TO_SDT,1,1,1,1,Time_and_Date,Structured Text,1,0,0
DT_TO_STRING,1,1,0,1,Str_Func,Structured Text,1,0,0
DT_TO_TOD,1,1,0,1,Time_and_Date,Structured Text,1,0,0
DWORD_OF_BYTE,1,1,1,1,Logic_Mods,Structured Text,1,0,0
DWORD_OF_WORD,1,1,1,1,Logic_Mods,Structured Text,1,0,0
DWORD_TO_DATE,1,1,0,1,Time_and_Date,Structured Text,1,0,0
DWORD_TO_DT,1,1,0,1,Time_and_Date,Structured Text,1,0,0
DWORD_TO_STRB,1,1,1,1,Str_Func,Structured Text,1,0,0
DWORD_TO_STRF,1,1,1,1,Str_Func,Structured Text,1,0,0
DWORD_TO_STRH,1,1,1,1,Str_Func,Structured Text,1,0,0
DWORD_TO_TIME,1,1,0,1,Time_and_Date,Structured Text,1,0,0
DWORD_TO_TOD,1,1,0,1,Time_and_Date,Structured Text,1,0,0
D_TRIG,1,1,1,1,Pulse_Gen,Structured Text,1,0,0
D_TRUNC,1,1,1,1,Mathematics,Structured Text,1,0,0
EASTER,1,1,1,1,Time_and_Date,Structured Text,1,0,0
ELLIPSE_A,1,1,1,1,Basic_Other_Func,Structured Text,1,0,0
ELLIPSE_C,1,1,1,1,Basic_Other_Func,Structured Text,1,0,0
ENERGY,1,1,1,1,Calculations,Structured Text,1,0,0
ERF,1,1,1,1,Mathematics,Structured Text,1,0,0
ERFC,1,1,1,1,Mathematics,Structured Text,1,0,0
ESR_COLLECT,1,1,1,1,Basic_Other_Func,Structured Text,1,0,0
ESR_MON_B8,1,1,1,1,Basic_Other_Func,Structured Text,1,0,0
ESR_MON_X8,1,1,1,1,Basic_Other_Func,Structured Text,1,0,0
EVEN,1,1,1,1,Mathematics,Structured Text,1,0,0
EVENTS,1,1,1,1,Time_and_Date,Structured Text,1,0,0
EXP10,1,1,1,1,Mathematics,Structured Text,1,0,0
EXPN,1,1,1,1,Mathematics,Structured Text,1,0,0
FACT,1,1,1,1,Mathematics,Structured Text,1,0,0
FADE,1,1,1,1,Signal_Proc,Structured Text,1,0,0
FF_D2E,1,1,1,1,Latches_FlipFlop_ShiftReg,Structured Text,1,0,0
FF_D4E,1,1,1,1,Latches_FlipFlop_ShiftReg,Structured Text,1,0,0
FF_DRE,1,1,1,1,Latches_FlipFlop_ShiftReg,Structured Text,1,0,0
FF_JKE,1,1,1,1,Latches_FlipFlop_ShiftReg,Structured Text,1,0,0
FF_RSE,1,1,1,1,Latches_FlipFlop_ShiftReg,Structured Text,1,0,0
FIB,1,1,1,1,Mathematics,Structured Text,1,0,0
FIFO_16,1,1,1,1,Array_Buffer_Mem_List,Structured Text,1,0,0
FIFO_32,1,1,1,1,Array_Buffer_Mem_List,Structured Text,1,0,0
FILE_BLOCK,1,1,0,1,Network_Communication,Structured Text,0,1,0
FILE_PATH_SPLIT,1,1,0,1,Network_Communication,Structured Text,0,1,0
FILL,1,1,1,1,Str_Func,Structured Text,1,0,0
FILTER_DW,1,1,1,1,Signal_Proc,Structured Text,1,0,0
FILTER_I,1,1,1,1,Signal_Proc,Structured Text,1,0,0
FILTER_MAV_DW,1,1,1,1,Signal_Proc,Structured Text,1,0,0
FILTER_MAV_W,1,1,1,1,Signal_Proc,Structured Text,1,0,0
FILTER_W,1,1,1,1,Signal_Proc,Structured Text,1,0,0
FILTER_WAV,1,1,1,1,Signal_Proc,Structured Text,1,0,0
FINDB,1,1,1,1,Str_Func,Structured Text,1,0,0
FINDP,1,1,1,1,Str_Func,Structured Text,1,0,0
FIX,1,1,1,1,Str_Func,Structured Text,1,0,0
FLOOR,1,1,1,1,Mathematics,Structured Text,1,0,0
FLOOR2,1,1,1,1,Mathematics,Structured Text,1,0,0
FLOW_CONTROL,1,1,1,1,Basic_Dev_Drivers,Structured Text,1,0,0
FLOW_CONTROL_4,1,1,0,1,Basic_Dev_Drivers,Structured Text,1,0,0
FLOW_METER,1,1,1,0,Measure_Mods,Structured Text,1,0,0
FRACT,1,1,1,1,Mathematics,Structured Text,1,0,0
FRMP_B,1,1,1,1,Arithmetic_Func,Structured Text,1,0,0
FT_AVG,1,1,1,1,Arithmetic_Func,Structured Text,1,0,0
FT_DERIV,1,1,1,1,Ctrl_Mods,Structured Text,1,0,0
FT_IMP,1,1,1,1,Ctrl_Mods,Structured Text,1,0,0
FT_INT,1,1,1,0,Ctrl_Mods,Structured Text,1,0,0
FT_INT2,0,1,1,0,Ctrl_Mods,Structured Text,1,0,0
FT_MIN_MAX,1,1,1,1,Arithmetic_Func,Structured Text,1,0,0
FT_PD,1,1,1,1,Ctrl_Mods,Structured Text,1,0,0
FT_PDT1,1,1,1,1,Ctrl_Mods,Structured Text,1,0,0
FT_PI,1,1,1,0,Ctrl_Mods,Structured Text,1,0,0
FT_PID,1,1,1,0,Ctrl_Mods,Structured Text,1,0,0
FT_PIDW,1,1,1,0,Ctrl_Mods,Structured Text,1,0,0
FT_PIDWL,1,1,1,1,Ctrl_Mods,Structured Text,1,0,0
FT_PIW,1,1,1,0,Ctrl_Mods,Structured Text,1,0,0
FT_PIWL,1,1,1,1,Ctrl_Mods,Structured Text,1,0,0
FT_PROFILE,1,1,1,1,Basic_Dev_Drivers,Structured Text,1,0,0
FT_PT1,1,1,1,1,Ctrl_Mods,Structured Text,1,0,0
FT_PT2,1,1,1,0,Ctrl_Mods,Structured Text,1,0,0
FT_RMP,1,1,1,1,Arithmetic_Func,Structured Text,1,0,0
FT_TN16,1,1,1,1,Ctrl_Mods,Structured Text,1,0,0
FT_TN64,1,1,1,1,Ctrl_Mods,Structured Text,1,0,0
FT_TN8,1,1,1,1,Ctrl_Mods,Structured Text,1,0,0
F_LAMP,1,1,0,1,Building_Other_Func,Structured Text,0,0,1
F_LIN,1,1,1,1,Arithmetic_Func,Structured Text,1,0,0
F_LIN2,1,1,1,1,Arithmetic_Func,Structured Text,1,0,0
F_POLY,1,1,1,1,Arithmetic_Func,Structured Text,1,0,0
F_POWER,1,1,1,1,Arithmetic_Func,Structured Text,1,0,0
F_QUAD,1,1,1,1,Arithmetic_Func,Structured Text,1,0,0
F_TO_C,1,1,1,1,Calculations,Structured Text,1,0,0
F_TO_OM,1,1,1,1,Calculations,Structured Text,1,0,0
F_TO_PT,1,1,1,1,Calculations,Structured Text,1,0,0
GAMMA,1,1,1,1,Mathematics,Structured Text,1,0,0
GAUSS,1,1,1,1,Mathematics,Structured Text,1,0,0
GAUSSCD,1,1,1,1,Mathematics,Structured Text,1,0,0
GCD,1,1,1,1,Mathematics,Structured Text,1,0,0
GDF,1,1,1,1,Mathematics,Structured Text,1,0,0
GEN_BIT,1,1,1,1,Pulse_Gen,Structured Text,1,0,0
GEN_PULSE,1,1,1,1,Signal_Gen,Structured Text,1,0,0
GEN_PW2,1,1,1,1,Signal_Gen,Structured Text,1,0,0
GEN_RDM,1,1,1,1,Signal_Gen,Structured Text,1,0,0
GEN_RDT,1,1,1,1,Signal_Gen,Structured Text,1,0,0
GEN_RMP,0,1,1,1,Signal_Gen,Structured Text,1,0,0
GEN_SIN,0,1,1,1,Signal_Gen,Structured Text,1,0,0
GEN_SQ,1,1,1,1,Pulse_Gen,Structured Text,1,0,0
GEN_SQR,0,1,1,1,Signal_Gen,Structured Text,1,0,0
GEO_TO_DEG,1,1,1,1,Calculations,Structured Text,1,0,0
GOLD,1,1,1,1,Mathematics,Structured Text,1,0,0
GRAY_TO_BYTE,1,1,1,1,Logic_Mods,Structured Text,1,0,0
HEAT_INDEX,1,1,0,1,Actuators_HVAC,Structured Text,0,0,1
HEAT_METER,0,1,0,0,Actuators_HVAC,Structured Text,0,0,1
HEAT_TEMP,1,1,0,1,Actuators_HVAC,Structured Text,0,0,1
HOLIDAY,1,1,1,1,Time_and_Date,Structured Text,1,0,0
HOUR,1,1,1,1,Time_and_Date,Structured Text,1,0,0
HOUR_OF_DT,1,1,1,1,Time_and_Date,Structured Text,1,0,0
HOUR_TO_TIME,1,1,1,1,Time_and_Date,Structured Text,1,0,0
HOUR_TO_TOD,1,1,1,1,Time_and_Date,Structured Text,1,0,0
HYPOT,1,1,1,1,Mathematics,Structured Text,1,0,0
HYST,1,1,1,1,Ctrl_Mods,Structured Text,1,0,0
HYST_1,1,1,1,1,Ctrl_Mods,Structured Text,1,0,0
HYST_2,1,1,1,1,Ctrl_Mods,Structured Text,1,0,0
HYST_3,1,1,1,1,Ctrl_Mods,Structured Text,1,0,0
INC,1,1,1,1,Mathematics,Structured Text,1,0,0
INC1,1,1,1,1,Mathematics,Structured Text,1,0,0
INC2,1,1,1,1,Mathematics,Structured Text,1,0,0
INC_DEC,1,1,0,1,Basic_Dev_Drivers,Structured Text,1,0,0
INSERT250,1,1,0,1,Str_Func,Structured Text,1,0,0
INTEGRATE,1,1,1,0,Ctrl_Mods,Structured Text,1,0,0
INTERLOCK,1,1,1,1,Basic_Dev_Drivers,Structured Text,1,0,0
INTERLOCK_4,1,1,1,1,Basic_Dev_Drivers,Structured Text,1,0,0
INT_TO_BCDC,1,1,1,1,Logic_Mods,Structured Text,1,0,0
INT_TO_TIME,1,1,0,1,Time_and_Date,Structured Text,1,0,0
INV,1,1,1,1,Mathematics,Structured Text,1,0,0
IP4_CHECK,1,1,0,1,Network_Communication,Structured Text,0,1,0
IP4_TO_STRING,1,1,0,1,Network_Communication,Structured Text,0,1,0
IP_FIFO,0,1,0,1,Network_Communication,Structured Text,0,1,0
IRTRANS_DECODE,1,1,0,1,Networking,Structured Text,0,1,0
IRTRANS_RCV_1,1,1,0,1,Networking,Structured Text,0,1,0
IRTRANS_RCV_4,1,1,0,1,Networking,Structured Text,0,1,0
IRTRANS_RCV_8,1,1,0,1,Networking,Structured Text,0,1,0
IRTRANS_SERVER,1,1,0,1,Networking,Structured Text,0,1,0
ISC_ALPHA,1,1,1,1,Str_Func,Structured Text,1,0,0
ISC_CTRL,1,1,1,1,Str_Func,Structured Text,1,0,0
ISC_HEX,1,1,1,1,Str_Func,Structured Text,1,0,0
ISC_LOWER,1,1,1,1,Str_Func,Structured Text,1,0,0
ISC_NUM,1,1,1,1,Str_Func,Structured Text,1,0,0
ISC_UPPER,1,1,1,1,Str_Func,Structured Text,1,0,0
IS_CC,1,1,1,1,Str_Func,Structured Text,1,0,0
IS_NCC,1,1,1,1,Str_Func,Structured Text,1,0,0
IS_SORTED,1,1,1,1,Array_Buffer_Mem_List,Structured Text,1,0,0
IS_URLCHR,1,1,0,1,Network_Communication,Structured Text,0,1,0
JD2000,1,1,1,1,Time_and_Date,Structured Text,1,0,0
KMH_TO_MS,1,1,1,1,Calculations,Structured Text,1,0,0
K_TO_C,1,1,1,1,Calculations,Structured Text,1,0,0
LAMBERT_W,1,1,1,1,Mathematics,Structured Text,1,0,0
LANGEVIN,1,1,1,1,Mathematics,Structured Text,1,0,0
LEAP_DAY,1,1,1,1,Time_and_Date,Structured Text,1,0,0
LEAP_OF_DATE,1,1,1,1,Time_and_Date,Structured Text,1,0,0
LEAP_YEAR,1,1,1,1,Time_and_Date,Structured Text,1,0,0
LEGIONELLA,1,1,0,1,Actuators_HVAC,Structured Text,0,0,1
LENGTH,1,1,1,1,Measure_Mods,Structured Text,1,0,0
LINEAR_INT,1,1,1,1,Arithmetic_Func,Structured Text,1,0,0
LIST_ADD,1,1,1,1,Array_Buffer_Mem_List,Structured Text,1,0,0
LOG_VIEWPORT,1,1,0,1,Network_Communication,Structured Text,0,1,0
LTCH,1,1,1,1,Latches_FlipFlop_ShiftReg,Structured Text,1,0,0
LTCH_4,1,1,1,1,Latches_FlipFlop_ShiftReg,Structured Text,1,0,0
LTIME_TO_UTC,1,1,1,1,Time_and_Date,Structured Text,1,0,0
MANUAL,1,1,1,1,Basic_Dev_Drivers,Structured Text,1,0,0
MANUAL_1,1,1,1,1,Basic_Dev_Drivers,Structured Text,1,0,0
MANUAL_2,1,1,1,1,Basic_Dev_Drivers,Structured Text,1,0,0
MANUAL_4,1,1,1,1,Basic_Dev_Drivers,Structured Text,1,0,0
MATRIX,1,1,1,1,Logic_Mods,Structured Text,1,0,0
MAX3,1,1,1,1,Mathematics,Structured Text,1,0,0
MAX_TIME,1,1,0,1,Measure_Mods,Structured Text,1,0,0
MB_CLIENT,1,1,0,1,Network_Communication,Structured Text,0,1,0
MB_SERVER,1,1,0,1,Network_Communication,Structured Text,0,1,0
MB_VMAP,1,1,0,1,Network_Communication,Structured Text,0,1,0
MESSAGE_4R,1,1,1,1,Str_Func,Structured Text,1,0,0
MESSAGE_8,1,1,1,1,Str_Func,Structured Text,1,0,0
METER,1,1,1,0,Measure_Mods,Structured Text,1,0,0
METER_STAT,1,1,1,0,Measure_Mods,Structured Text,1,0,0
MID3,1,1,1,1,Mathematics,Structured Text,1,0,0
MIN3,1,1,1,1,Mathematics,Structured Text,1,0,0
MINUTE,1,1,0,1,Time_and_Date,Structured Text,1,0,0
MINUTE_OF_DT,1,1,1,1,Time_and_Date,Structured Text,1,0,0
MINUTE_TO_TIME,1,1,1,1,Time_and_Date,Structured Text,1,0,0
MIRROR,1,1,1,1,Str_Func,Structured Text,1,0,0
MIX,1,1,1,1,Signal_Proc,Structured Text,1,0,0
MODR,1,1,1,1,Mathematics,Structured Text,1,0,0
MONTH_BEGIN,1,1,1,1,Time_and_Date,Structured Text,1,0,0
MONTH_END,0,1,1,1,Time_and_Date,Structured Text,1,0,0
MONTH_OF_DATE,1,1,1,1,Time_and_Date,Structured Text,1,0,0
MONTH_TO_STRING,1,1,1,1,Str_Func,Structured Text,1,0,0
MOON_PHASE,1,1,0,1,Network_Communication,Structured Text,0,1,0
MS_TO_BFT,1,1,1,1,Calculations,Structured Text,1,0,0
MS_TO_KMH,1,1,1,1,Calculations,Structured Text,1,0,0
MULTIME,1,1,1,1,Time_and_Date,Structured Text,1,0,0
MULTI_IN,1,1,1,1,Sensors,Structured Text,1,0,0
MUL_ADD,1,1,1,1,Mathematics,Structured Text,1,0,0
MUX_2,1,1,1,1,Logic_Mods,Structured Text,1,0,0
MUX_4,1,1,1,1,Logic_Mods,Structured Text,1,0,0
MUX_R2,1,1,1,1,Signal_Proc,Structured Text,1,0,0
MUX_R4,1,1,1,1,Signal_Proc,Structured Text,1,0,0
M_D,1,1,1,1,Measure_Mods,Structured Text,1,0,0
M_T,1,1,1,1,Measure_Mods,Structured Text,1,0,0
M_TX,1,1,1,1,Measure_Mods,Structured Text,1,0,0
NEGX,1,1,1,1,Mathematics,Structured Text,1,0,0
NETWORK_VERSION,1,1,0,1,Network_Communication,Structured Text,0,1,0
NET_VAR_BOOL8,1,1,0,1,Network_Communication,Structured Text,0,1,0
NET_VAR_BUFFER,1,1,0,1,Network_Communication,Structured Text,0,1,0
NET_VAR_DWORD8,1,1,0,1,Network_Communication,Structured Text,0,1,0
OFFSET,1,1,1,1,Signal_Proc,Structured Text,1,0,0
OFFSET2,1,1,1,1,Signal_Proc,Structured Text,1,0,0
OM_TO_F,1,1,1,1,Calculations,Structured Text,1,0,0
ONTIME,1,1,1,1,Measure_Mods,Structured Text,1,0,0
OSCAT_VERSION,1,1,1,1,Basic_Other_Func,Structured Text,1,0,0
PARITY,1,1,1,1,Logic_Mods,Structured Text,1,0,0
PARSET,1,1,1,1,Basic_Dev_Drivers,Structured Text,1,0,0
PARSET2,1,1,1,1,Basic_Dev_Drivers,Structured Text,1,0,0
PERIOD,1,1,1,1,Time_and_Date,Structured Text,1,0,0
PERIOD2,1,1,1,1,Time_and_Date,Structured Text,1,0,0
POLYNOM_INT,1,1,1,1,Arithmetic_Func,Structured Text,1,0,0
PRESSURE,1,1,1,1,Calculations,Structured Text,1,0,0
PT_TO_F,1,1,1,1,Calculations,Structured Text,1,0,0
PULSE_LENGTH,1,1,0,1,Building_Other_Func,Structured Text,0,0,1
PULSE_T,1,1,0,1,Building_Other_Func,Structured Text,0,0,1
PWM_DC,1,1,1,1,Signal_Gen,Structured Text,1,0,0
PWM_PW,0,1,1,1,Signal_Gen,Structured Text,1,0,0
R2_ABS,1,1,1,1,Basic_Other_Func,Structured Text,1,0,0
R2_ADD,1,1,1,1,Basic_Other_Func,Structured Text,1,0,0
R2_ADD2,1,1,1,1,Basic_Other_Func,Structured Text,1,0,0
R2_DIV,1,1,0,1,Basic_Other_Func,Structured Text,1,0,0
R2_MUL,1,1,1,1,Basic_Other_Func,Structured Text,1,0,0
R2_SET,1,1,1,1,Basic_Other_Func,Structured Text,1,0,0
RAD,1,1,1,1,Mathematics,Structured Text,1,0,0
RANGE_TO_BYTE,1,1,1,1,Signal_Proc,Structured Text,1,0,0
RANGE_TO_WORD,1,1,1,1,Signal_Proc,Structured Text,1,0,0
RDM,1,1,1,1,Mathematics,Structured Text,1,0,0
RDM2,1,1,1,1,Mathematics,Structured Text,1,0,0
RDMDW,1,1,1,1,Mathematics,Structured Text,1,0,0
REAL_TO_FRAC,1,1,1,1,Mathematics,Structured Text,1,0,0
REAL_TO_STRF,1,1,1,1,Str_Func,Structured Text,1,0,0
REAL_TO_TIME,1,1,0,1,Time_and_Date,Structured Text,1,0,0
REFLECT,1,1,1,1,Logic_Mods,Structured Text,1,0,0
REFRACTION,1,1,1,1,Time_and_Date,Structured Text,1,0,0
REPLACE_ALL,1,1,1,1,Str_Func,Structured Text,1,0,0
REPLACE_CHARS,1,1,1,1,Str_Func,Structured Text,1,0,0
RES_NI,1,1,1,1,Sensors,Structured Text,1,0,0
RES_NTC,1,1,1,1,Sensors,Structured Text,1,0,0
RES_PT,1,1,1,1,Sensors,Structured Text,1,0,0
RES_SI,1,1,1,1,Sensors,Structured Text,1,0,0
REVERSE,1,1,1,1,Logic_Mods,Structured Text,1,0,0
RMP_B,1,1,1,1,Signal_Gen,Structured Text,1,0,0
RMP_SOFT,1,1,1,1,Signal_Gen,Structured Text,1,0,0
RMP_W,1,1,1,1,Signal_Gen,Structured Text,1,0,0
RND,1,1,1,1,Mathematics,Structured Text,1,0,0
ROUND,1,1,1,1,Mathematics,Structured Text,1,0,0
RTC_2,1,1,1,1,Time_and_Date,Structured Text,1,0,0
RTC_MS,1,1,1,1,Time_and_Date,Structured Text,1,0,0
SCALE,1,1,1,1,Signal_Proc,Structured Text,1,0,0
SCALE_B,1,1,1,1,Signal_Proc,Structured Text,1,0,0
SCALE_B2,1,1,1,1,Signal_Proc,Structured Text,1,0,0
SCALE_B4,1,1,1,1,Signal_Proc,Structured Text,1,0,0
SCALE_B8,1,1,1,1,Signal_Proc,Structured Text,1,0,0
SCALE_D,1,1,1,1,Signal_Proc,Structured Text,1,0,0
SCALE_R,1,1,1,1,Signal_Proc,Structured Text,1,0,0
SCALE_X2,1,1,1,1,Signal_Proc,Structured Text,1,0,0
SCALE_X4,1,1,1,1,Signal_Proc,Structured Text,1,0,0
SCALE_X8,1,1,1,1,Signal_Proc,Structured Text,1,0,0
SCHEDULER,1,1,1,1,Pulse_Gen,Structured Text,1,0,0
SCHEDULER_2,1,1,1,1,Pulse_Gen,Structured Text,1,0,0
SDD,1,1,0,1,Actuators_HVAC,Structured Text,0,0,1
SDD_NH3,1,1,0,1,Actuators_HVAC,Structured Text,0,0,1
SDT_NH3,1,1,0,1,Actuators_HVAC,Structured Text,0,0,1
SDT_TO_DATE,1,1,1,1,Time_and_Date,Structured Text,1,0,0
SDT_TO_DT,1,1,1,1,Time_and_Date,Structured Text,1,0,0
SDT_TO_TOD,1,1,1,1,Time_and_Date,Structured Text,1,0,0
SECOND,1,1,1,1,Time_and_Date,Structured Text,1,0,0
SECOND_OF_DT,1,1,1,1,Time_and_Date,Structured Text,1,0,0
SECOND_TO_TIME,1,1,1,1,Time_and_Date,Structured Text,1,0,0
SEL2_OF_3,1,1,1,1,Signal_Proc,Structured Text,1,0,0
SEL2_OF_3B,1,1,1,1,Signal_Proc,Structured Text,1,0,0
SELECT_8,1,1,1,1,Latches_FlipFlop_ShiftReg,Structured Text,1,0,0
SENSOR_INT,1,1,1,1,Sensors,Structured Text,1,0,0
SEQUENCE_4,1,1,1,1,Pulse_Gen,Structured Text,1,0,0
SEQUENCE_64,1,1,1,1,Pulse_Gen,Structured Text,1,0,0
SEQUENCE_8,1,1,1,1,Pulse_Gen,Structured Text,1,0,0
SETUP_CHARNAMES,1,1,0,1,Time_and_Date,Structured Text,1,0,0
SETUP_DIRS,1,1,0,1,Time_and_Date,Structured Text,1,0,0
SETUP_EXTENDED_ASCII,1,1,0,1,Time_and_Date,Structured Text,1,0,0
SETUP_HOLIDAY_AT,1,1,0,1,Time_and_Date,Structured Text,1,0,0
SETUP_HOLIDAY_DE,1,1,0,1,Time_and_Date,Structured Text,1,0,0
SETUP_HOLIDAY_FR,1,1,0,1,Time_and_Date,Structured Text,1,0,0
SETUP_LANGUAGE,1,1,0,1,Time_and_Date,Structured Text,1,0,0
SETUP_LOCATION,1,1,0,1,Time_and_Date,Structured Text,1,0,0
SETUP_MONTHS,1,1,0,1,Time_and_Date,Structured Text,1,0,0
SETUP_MONTHS3,1,1,0,1,Time_and_Date,Structured Text,1,0,0
SETUP_WEEKDAYS,1,1,0,1,Time_and_Date,Structured Text,1,0,0
SETUP_WEEKDAYS2,1,1,0,1,Time_and_Date,Structured Text,1,0,0
SET_DATE,1,1,1,1,Time_and_Date,Structured Text,1,0,0
SET_DT,1,1,1,1,Time_and_Date,Structured Text,1,0,0
SET_TOD,1,1,1,1,Time_and_Date,Structured Text,1,0,0
SGN,1,1,1,1,Mathematics,Structured Text,1,0,0
SH,1,1,1,1,Signal_Proc,Structured Text,1,0,0
SHA1_STREAM,1,1,0,1,Network_Communication,Structured Text,0,1,0
SHL1,1,1,1,1,Logic_Mods,Structured Text,1,0,0
SHR1,1,1,1,1,Logic_Mods,Structured Text,1,0,0
SHR_4E,1,1,1,1,Latches_FlipFlop_ShiftReg,Structured Text,1,0,0
SHR_4UDE,1,1,1,1,Latches_FlipFlop_ShiftReg,Structured Text,1,0,0
SHR_8PLE,1,1,1,1,Latches_FlipFlop_ShiftReg,Structured Text,1,0,0
SHR_8UDE,1,1,1,1,Latches_FlipFlop_ShiftReg,Structured Text,1,0,0
SH_1,1,1,1,1,Signal_Proc,Structured Text,1,0,0
SH_2,0,1,1,1,Signal_Proc,Structured Text,1,0,0
SH_T,1,1,1,1,Signal_Proc,Structured Text,1,0,0
SIGMOID,1,1,1,1,Mathematics,Structured Text,1,0,0
SIGNAL,1,1,1,1,Basic_Dev_Drivers,Structured Text,1,0,0
SIGNAL_4,1,1,1,1,Basic_Dev_Drivers,Structured Text,1,0,0
SIGN_I,1,1,1,1,Mathematics,Structured Text,1,0,0
SIGN_R,1,1,1,1,Mathematics,Structured Text,1,0,0
SINC,1,1,1,1,Mathematics,Structured Text,1,0,0
SINH,1,1,1,1,Mathematics,Structured Text,1,0,0
SNTP_CLIENT,1,1,0,1,Network_Communication,Structured Text,0,1,0
SPEED,1,1,1,1,Calculations,Structured Text,1,0,0
SPHERE_V,1,1,1,1,Basic_Other_Func,Structured Text,1,0,0
SQRTN,1,1,1,1,Mathematics,Structured Text,1,0,0
SRAMP,1,1,1,1,Basic_Dev_Drivers,Structured Text,1,0,0
STACK_16,1,1,1,1,Array_Buffer_Mem_List,Structured Text,1,0,0
STACK_32,1,1,1,1,Array_Buffer_Mem_List,Structured Text,1,0,0
STAIR,1,1,1,1,Signal_Proc,Structured Text,1,0,0
STAIR2,1,1,1,1,Signal_Proc,Structured Text,1,0,0
STATUS_TO_ESR,1,1,1,1,Basic_Other_Func,Structured Text,1,0,0
STORE_8,1,1,1,1,Latches_FlipFlop_ShiftReg,Structured Text,1,0,0
STRING_TO_TOD,1,1,0,0,Str_Func,Structured Text,1,0,0
STRING_TO_URL,1,1,0,0,Network_Communication,Structured Text,0,1,0
SUN_MIDDAY,1,1,1,1,Time_and_Date,Structured Text,1,0,0
SUN_POS,1,1,1,1,Time_and_Date,Structured Text,1,0,0
SUN_TIME,0,1,1,1,Time_and_Date,Structured Text,1,0,0
SWAP_BYTE,1,1,1,1,Logic_Mods,Structured Text,1,0,0
SWAP_BYTE2,1,1,1,1,Logic_Mods,Structured Text,1,0,0
SWITCH_I,1,1,0,1,Building_Other_Func,Structured Text,0,0,1
SWITCH_X,1,1,0,1,Building_Other_Func,Structured Text,0,0,1
SW_RECONFIG,1,1,0,1,Building_Other_Func,Structured Text,0,0,1
TANC,1,1,1,1,Mathematics,Structured Text,1,0,0
TANH,1,1,1,1,Mathematics,Structured Text,1,0,0
TANK_LEVEL,1,1,0,1,Actuators_HVAC,Structured Text,0,0,1
TANK_VOL1,1,1,0,1,Actuators_HVAC,Structured Text,0,0,1
TANK_VOL2,1,1,0,1,Actuators_HVAC,Structured Text,0,0,1
TC_MS,1,1,1,1,Measure_Mods,Structured Text,1,0,0
TC_S,1,1,1,1,Measure_Mods,Structured Text,1,0,0
TC_US,1,1,1,1,Measure_Mods,Structured Text,1,0,0
TEMPERATURE,1,1,1,1,Calculations,Structured Text,1,0,0
TEMP_EXT,1,1,0,1,Actuators_HVAC,Structured Text,0,0,1
TEMP_NI,1,1,1,1,Sensors,Structured Text,1,0,0
TEMP_NTC,1,1,1,1,Sensors,Structured Text,1,0,0
TEMP_PT,1,1,1,1,Sensors,Structured Text,1,0,0
TEMP_SI,1,1,1,1,Sensors,Structured Text,1,0,0
TICKER,1,1,1,0,Str_Func,Structured Text,1,0,0
TIMECHECK,1,1,1,1,Time_and_Date,Structured Text,1,0,0
TIMER_1,1,1,0,1,Building_Other_Func,Structured Text,0,0,1
TIMER_2,1,1,0,1,Building_Other_Func,Structured Text,0,0,1
TIMER_EXT,1,1,0,1,Building_Other_Func,Structured Text,0,0,1
TIMER_P4,0,1,0,1,Building_Other_Func,Structured Text,0,0,1
TIME_TO_DWORD,1,1,0,1,Time_and_Date,Structured Text,1,0,0
TIME_TO_INT,1,1,0,1,Time_and_Date,Structured Text,1,0,0
TIME_TO_REAL,1,1,0,1,Time_and_Date,Structured Text,1,0,0
TIME_TO_TOD,1,1,0,1,Time_and_Date,Structured Text,1,0,0
TIME_TO_UDINT,1,1,0,1,Time_and_Date,Structured Text,1,0,0
TMAX,1,1,1,1,Pulse_Gen,Structured Text,1,0,0
TMIN,1,1,1,1,Pulse_Gen,Structured Text,1,0,0
TN_RECEIVE,1,1,0,1,Networking,Structured Text,0,1,0
TN_SC_ADD_SHADOW,0,1,0,1,Networking,Structured Text,0,1,0
TN_SC_AREA_RESTORE,0,1,0,1,Networking,Structured Text,0,1,0
TN_SC_AREA_SAVE,1,1,0,1,Networking,Structured Text,0,1,0
TN_SC_BOX,0,1,0,1,Networking,Structured Text,0,1,0
TN_SC_FILL,1,1,0,1,Networking,Structured Text,0,1,0
TN_SC_LINE,0,1,0,1,Networking,Structured Text,0,1,0
TN_SC_READ_ATTR,1,1,0,1,Networking,Structured Text,0,1,0
TN_SC_READ_CHAR,1,1,0,1,Networking,Structured Text,0,1,0
TN_SC_SHADOW_ATTR,1,1,0,1,Networking,Structured Text,0,1,0
TN_SC_WRITE_ATTR,1,1,0,1,Networking,Structured Text,0,1,0
TN_SC_WRITE_CHAR,1,1,0,1,Networking,Structured Text,0,1,0
TN_SC_XY2_ERROR,1,1,0,1,Networking,Structured Text,0,1,0
TN_SC_XY_ERROR,1,1,0,1,Networking,Structured Text,0,1,0
TN_SEND_ROWS,1,1,0,1,Networking,Structured Text,0,1,0
TOD_TO_REAL,1,1,0,1,Logic_Mods,Structured Text,1,0,0
TOD_TO_STRING,1,1,0,1,Str_Func,Structured Text,1,0,0
TOD_TO_TIME,1,1,0,1,Time_and_Date,Structured Text,1,0,0
TOF_1,1,1,1,1,Pulse_Gen,Structured Text,1,0,0
TOGGLE,1,1,1,1,Latches_FlipFlop_ShiftReg,Structured Text,1,0,0
TONOF,1,1,1,1,Pulse_Gen,Structured Text,1,0,0
TO_LOWER,1,1,1,1,Str_Func,Structured Text,1,0,0
TO_UML,1,1,0,1,Str_Func,Structured Text,1,0,0
TO_UPPER,1,1,1,1,Str_Func,Structured Text,1,0,0
TP_1,1,1,0,1,Pulse_Gen,Structured Text,1,0,0
TP_1D,1,1,1,1,Pulse_Gen,Structured Text,1,0,0
TP_X,1,1,1,1,Pulse_Gen,Structured Text,1,0,0
TREND,1,1,1,1,Signal_Proc,Structured Text,1,0,0
TREND_DW,1,1,1,1,Signal_Proc,Structured Text,1,0,0
TRIANGLE_A,1,1,1,1,Basic_Other_Func,Structured Text,1,0,0
TRIM,1,1,1,1,Str_Func,Structured Text,1,0,0
TRIM1,1,1,1,1,Str_Func,Structured Text,1,0,0
TRUNC_REAL,1,1,0,1,Mathematics,Structured Text,1,0,0
TRUNC_UDINT,1,1,0,1,Mathematics,Structured Text,1,0,0
TUNE,1,1,1,1,Basic_Dev_Drivers,Structured Text,1,0,0
TUNE2,1,1,1,1,Basic_Dev_Drivers,Structured Text,1,0,0
T_AVG24,1,1,0,0,Actuators_HVAC,Structured Text,0,0,1
T_PLC_MS,1,1,1,1,Measure_Mods,Structured Text,1,0,0
T_PLC_US,1,1,1,1,Measure_Mods,Structured Text,1,0,0
UDINT_TO_TIME,1,1,0,1,Time_and_Date,Structured Text,1,0,0
URL_TO_STRING,1,1,0,1,Network_Communication,Structured Text,0,1,0
UTC_TO_LTIME,0,1,1,1,Time_and_Date,Structured Text,1,0,0
V3_ABS,1,1,1,1,Vector_Math,Structured Text,1,0,0
V3_ADD,1,1,1,1,Vector_Math,Structured Text,1,0,0
V3_ANG,1,1,1,1,Vector_Math,Structured Text,1,0,0
V3_DPRO,1,1,1,1,Vector_Math,Structured Text,1,0,0
V3_NORM,1,1,1,1,Vector_Math,Structured Text,1,0,0
V3_NUL,1,1,1,1,Vector_Math,Structured Text,1,0,0
V3_PAR,1,1,1,1,Vector_Math,Structured Text,1,0,0
V3_REV,1,1,1,1,Vector_Math,Structured Text,1,0,0
V3_SMUL,1,1,1,1,Vector_Math,Structured Text,1,0,0
V3_SUB,1,1,1,1,Vector_Math,Structured Text,1,0,0
V3_XANG,1,1,1,1,Vector_Math,Structured Text,1,0,0
V3_XPRO,1,1,1,1,Vector_Math,Structured Text,1,0,0
V3_YANG,1,1,1,1,Vector_Math,Structured Text,1,0,0
V3_ZANG,1,1,1,1,Vector_Math,Structured Text,1,0,0
WATER_CP,1,1,0,1,Actuators_HVAC,Structured Text,0,0,1
WATER_DENSITY,0,1,0,1,Actuators_HVAC,Structured Text,0,0,1
WATER_ENTHALPY,1,1,0,1,Actuators_HVAC,Structured Text,0,0,1
WCT,1,1,0,1,Actuators_HVAC,Structured Text,0,0,1
WEEKDAY_TO_STRING,0,1,1,1,Str_Func,Structured Text,1,0,0
WINDOW,1,1,1,1,Mathematics,Structured Text,1,0,0
WINDOW2,1,1,1,1,Mathematics,Structured Text,1,0,0
WORD_OF_BYTE,1,1,1,1,Logic_Mods,Structured Text,1,0,0
WORD_OF_DWORD,1,1,1,1,Logic_Mods,Structured Text,1,0,0
WORD_TO_RANGE,1,1,1,1,Signal_Proc,Structured Text,1,0,0
WORK_WEEK,1,1,1,1,Time_and_Date,Structured Text,1,0,0
WORLD_WEATHER_DESC_GE,1,1,0,1,Network_Communication,Structured Text,0,1,0
WORLD_WEATHER_ICON_OSCAT,1,1,0,1,Network_Communication,Structured Text,0,1,0
YAHOO_WEATHER,0,0,0,0,Network_Communication,Structured Text,0,1,0
YAHOO_WEATHER_DESC_GE,1,1,0,1,Network_Communication,Structured Text,0,1,0
YAHOO_WEATHER_ICON_OSCAT,1,1,0,1,Network_Communication,Structured Text,0,1,0
YEAR_BEGIN,1,1,1,1,Time_and_Date,Structured Text,1,0,0
YEAR_END,1,1,1,1,Time_and_Date,Structured Text,1,0,0
YEAR_OF_DATE,1,1,1,1,Time_and_Date,Structured Text,1,0,0
_ARRAY_ABS,1,1,1,1,Array_Buffer_Mem_List,Structured Text,1,0,0
_ARRAY_ADD,1,1,1,1,Array_Buffer_Mem_List,Structured Text,1,0,0
_ARRAY_INIT,1,1,1,1,Array_Buffer_Mem_List,Structured Text,1,0,0
_ARRAY_MUL,1,1,1,1,Array_Buffer_Mem_List,Structured Text,1,0,0
_ARRAY_SHUFFLE,1,1,1,1,Array_Buffer_Mem_List,Structured Text,1,0,0
_ARRAY_SORT,1,1,1,1,Array_Buffer_Mem_List,Structured Text,1,0,0
_BUFFER_UPPERCASE_NW,1,1,0,1,Array_Buffer_Mem_List,Structured Text,0,1,0
_BYTE_TO_DINT,1,1,0,1,Logic_Mods,Structured Text,1,0,0
_BYTE_TO_INT,1,1,0,1,Logic_Mods,Structured Text,1,0,0
_BYTE_TO_REAL,1,1,0,1,Logic_Mods,Structured Text,1,0,0
_DWORD_TO_REAL,1,1,0,1,Logic_Mods,Structured Text,1,0,0
_INSERT80,1,1,0,1,Str_Func,Structured Text,1,0,0
_INT_TO_UDINT,1,1,0,1,Logic_Mods,Structured Text,1,0,0
_MOD_INT,1,1,0,1,Mathematics,Structured Text,1,0,0
_REAL_TO_DINT,1,1,0,1,Logic_Mods,Structured Text,1,0,0
_REAL_TO_DWORD,1,1,0,1,Logic_Mods,Structured Text,1,0,0
_REAL_TO_UDINT,1,1,0,1,Logic_Mods,Structured Text,1,0,0
_RMP_B,1,1,1,1,Signal_Gen,Structured Text,1,0,0
_RMP_NEXT,1,1,1,1,Signal_Gen,Structured Text,1,0,0
_RMP_W,1,1,1,1,Signal_Gen,Structured Text,1,0,0
_WORD_TO_DINT,1,1,0,1,Logic_Mods,Structured Text,1,0,0
_WORD_TO_REAL,1,1,0,1,Logic_Mods,Structured Text,1,0,0
ACTUATOR_2P,0,0,0,0,NA,Structured Text,NA,NA,NA
BASE64_DECODE_STR,0,0,0,0,NA,Structured Text,NA,NA,NA
BASE64_ENCODE_STREAM,0,0,0,0,NA,Structured Text,NA,NA,NA
BIN_TO_BYTE,0,0,0,0,NA,Structured Text,NA,NA,NA
BLIND_SHADE,0,0,0,0,NA,Structured Text,NA,NA,NA
BOOL_TO_STRING,0,0,0,0,NA,Structured Text,NA,NA,NA
BUFFER_CLEAR,0,0,0,0,NA,Structured Text,NA,NA,NA
BUFFER_CLEAR_NW,0,0,0,0,NA,Structured Text,NA,NA,NA
BUFFER_INSERT_NW,0,0,0,0,NA,Structured Text,NA,NA,NA
BUFFER_SEARCH,0,0,0,0,NA,Structured Text,NA,NA,NA
BUFFER_TO_STRING,0,0,0,0,NA,Structured Text,NA,NA,NA
building,0,0,0,0,NA,Structured Text,NA,NA,NA
CAPITALIZE,0,0,0,0,NA,Structured Text,NA,NA,NA
CHARCODE,0,0,0,0,NA,Structured Text,NA,NA,NA
CODE,0,0,0,0,NA,Structured Text,NA,NA,NA
CODE_250,0,0,0,0,NA,Structured Text,NA,NA,NA
COUNT_CHAR,0,0,0,0,NA,Structured Text,NA,NA,NA
CSV_PARSER_FILE,0,0,0,0,NA,Structured Text,NA,NA,NA
DEC_TO_BYTE,0,0,0,0,NA,Structured Text,NA,NA,NA
DEC_TO_DWORD,0,0,0,0,NA,Structured Text,NA,NA,NA
DEC_TO_INT,0,0,0,0,NA,Structured Text,NA,NA,NA
DNS_CLIENT,0,0,0,0,NA,Structured Text,NA,NA,NA
DT_TO_DATE,0,0,0,0,NA,Structured Text,NA,NA,NA
DT_TO_STRF,0,0,0,0,NA,Structured Text,NA,NA,NA
DW_TO_REAL,0,0,0,0,NA,Structured Text,NA,NA,NA
ELEMENT_COUNT,0,0,0,0,NA,Structured Text,NA,NA,NA
ELEMENT_GET,0,0,0,0,NA,Structured Text,NA,NA,NA
ESR_MON_R4,0,0,0,0,NA,Structured Text,NA,NA,NA
EXEC,0,0,0,0,NA,Structured Text,NA,NA,NA
FILE_SERVER,0,0,0,0,NA,Structured Text,NA,NA,NA
FILE_SERVER_DEMO,0,0,0,0,NA,Structured Text,NA,NA,NA
FINDB_NONUM,0,0,0,0,NA,Structured Text,NA,NA,NA
FLOAT_TO_REAL,0,0,0,0,NA,Structured Text,NA,NA,NA
HEX_TO_BYTE,0,0,0,0,NA,Structured Text,NA,NA,NA
HEX_TO_DWORD,0,0,0,0,NA,Structured Text,NA,NA,NA
HTML_DECODE,0,0,0,0,NA,Structured Text,NA,NA,NA
HTML_ENCODE,0,0,0,0,NA,Structured Text,NA,NA,NA
INI_PARSER_BUF_DEMO,0,0,0,0,NA,Structured Text,NA,NA,NA
INI_PARSER_FILE_DEMO,0,0,0,0,NA,Structured Text,NA,NA,NA
IP2GEO,0,0,0,0,NA,Structured Text,NA,NA,NA
IP4_DECODE,0,0,0,0,NA,Structured Text,NA,NA,NA
IP_CONTROL,0,0,0,0,NA,Structured Text,NA,NA,NA
IP_CONTROL2,0,0,0,0,NA,Structured Text,NA,NA,NA
IRTRANS_DEMO,0,0,0,0,NA,Structured Text,NA,NA,NA
IS_IP4,0,0,0,0,NA,Structured Text,NA,NA,NA
IS_LOWER,0,0,0,0,NA,Structured Text,NA,NA,NA
IS_NUM,0,0,0,0,NA,Structured Text,NA,NA,NA
IS_UPPER,0,0,0,0,NA,Structured Text,NA,NA,NA
LOG_MSG,0,0,0,0,NA,Structured Text,NA,NA,NA
LOG_MSG_80,0,0,0,0,NA,Structured Text,NA,NA,NA
LOWERCASE,0,0,0,0,NA,Structured Text,NA,NA,NA
MB_CLIENT_DEMO,0,0,0,0,NA,Structured Text,NA,NA,NA
MD5_AUX,0,0,0,0,NA,Structured Text,NA,NA,NA
MD5_CRAM_AUTH,0,0,0,0,NA,Structured Text,NA,NA,NA
MD5_CRAM_AUTH_DEMO,0,0,0,0,NA,Structured Text,NA,NA,NA
MD5_STR,0,0,0,0,NA,Structured Text,NA,NA,NA
MD5_STREAM,0,0,0,0,NA,Structured Text,NA,NA,NA
MD5_TO_STRH,0,0,0,0,NA,Structured Text,NA,NA,NA
Network_Communication,0,0,0,0,NA,Structured Text,NA,NA,NA
NET_VAR_CONTROL,0,0,0,0,NA,Structured Text,NA,NA,NA
NET_VAR_MASTER_DEMO,0,0,0,0,NA,Structured Text,NA,NA,NA
NET_VAR_REAL8,0,0,0,0,NA,Structured Text,NA,NA,NA
NET_VAR_SLAVE_DEMO,0,0,0,0,NA,Structured Text,NA,NA,NA
NET_VAR_X8,0,0,0,0,NA,Structured Text,NA,NA,NA
OCT_TO_BYTE,0,0,0,0,NA,Structured Text,NA,NA,NA
OCT_TO_DWORD,0,0,0,0,NA,Structured Text,NA,NA,NA
PIN_CODE,0,0,0,0,NA,Structured Text,NA,NA,NA
PRINT_SF,0,0,0,0,NA,Structured Text,NA,NA,NA
PRINT_SF_80,0,0,0,0,NA,Structured Text,NA,NA,NA
RC4_CRYPT_DEMO,0,0,0,0,NA,Structured Text,NA,NA,NA
RC4_CRYPT_STREAM,0,0,0,0,NA,Structured Text,NA,NA,NA
REAL_TO_DW,0,0,0,0,NA,Structured Text,NA,NA,NA
REPLACE_UML,0,0,0,0,NA,Structured Text,NA,NA,NA
SHA1_MD5_DEMO,0,0,0,0,NA,Structured Text,NA,NA,NA
SHA1_STR,0,0,0,0,NA,Structured Text,NA,NA,NA
SHA1_TO_STRH,0,0,0,0,NA,Structured Text,NA,NA,NA
SMTP_CLIENT_DEMO,0,0,0,0,NA,Structured Text,NA,NA,NA
SNTP_SERVER,0,0,0,0,NA,Structured Text,NA,NA,NA
SPIDER_DEMO,0,0,0,0,NA,Structured Text,NA,NA,NA
STRING_TO_BUFFER,0,0,0,0,NA,Structured Text,NA,NA,NA
STRING_TO_TIME,0,0,0,0,NA,Structured Text,NA,NA,NA
SYS_LOG,0,0,0,0,NA,Structured Text,NA,NA,NA
TELNET_LOG,0,0,0,0,NA,Structured Text,NA,NA,NA
TELNET_LOG_DEMO,0,0,0,0,NA,Structured Text,NA,NA,NA
TELNET_PRINT,0,0,0,0,NA,Structured Text,NA,NA,NA
TELNET_PRINT_DEMO,0,0,0,0,NA,Structured Text,NA,NA,NA
TN_FRAMEWORK,0,0,0,0,NA,Structured Text,NA,NA,NA
TN_INPUT_CONTROL,0,0,0,0,NA,Structured Text,NA,NA,NA
TN_INPUT_EDIT_LINE,0,0,0,0,NA,Structured Text,NA,NA,NA
TN_INPUT_MENU_BAR,0,0,0,0,NA,Structured Text,NA,NA,NA
TN_INPUT_MENU_POPUP,0,0,0,0,NA,Structured Text,NA,NA,NA
TN_INPUT_SELECT_POPUP,0,0,0,0,NA,Structured Text,NA,NA,NA
TN_INPUT_SELECT_TEXT,0,0,0,0,NA,Structured Text,NA,NA,NA
TN_SC_VIEWPORT,0,0,0,0,NA,Structured Text,NA,NA,NA
TN_SC_WRITE,0,0,0,0,NA,Structured Text,NA,NA,NA
TN_SC_WRITE_C,0,0,0,0,NA,Structured Text,NA,NA,NA
TN_SC_WRITE_EOS,0,0,0,0,NA,Structured Text,NA,NA,NA
TRIME,0,0,0,0,NA,Structured Text,NA,NA,NA
UPPERCASE,0,0,0,0,NA,Structured Text,NA,NA,NA
URL_DECODE,0,0,0,0,NA,Structured Text,NA,NA,NA
URL_ENCODE,0,0,0,0,NA,Structured Text,NA,NA,NA
WORLD_WEATHER,0,0,0,0,NA,Structured Text,NA,NA,NA
